Accident_Index,Latitude,Longitude,Region,Urban_or_Rural_Area,X1st_Road_Class,Driver_IMD_Decile,Speed_limit,Road_Type,Road_Surface_Conditions,Weather,High_Wind,Lights,Datetime,Year,Season,Month_of_Year,Day_of_Month,Day_of_Week,Hour_of_Day,Number_of_Vehicles,Age_of_Driver,Age_of_Vehicle,Junction_Detail,Junction_Location,X1st_Point_of_Impact,Driver_Journey_Purpose,Engine_CC,Propulsion_Code,Vehicle_Make,Vehicle_Category,Vehicle_Manoeuvre,Accident_Severity,Hour_of_Day_dn
201401TX20975,51.440951,-0.425604,London,Urban,Unclassified,3,30,Single carriageway,Dry,Fine,No,Darkness - lights,2014-11-26 20:25:00,2014,3,11,26,3,0.851000,1,3,2,Not at junction or within 20 metres,Not at or within 20 metres of junction,Nearside,Other/Not known,1598,Heavy oil,Audi,Car,Slowing or stopping,Slight,20.000000
201120J006701,52.500260,-2.184254,Wast Midlands,Rural,A,10,30,Roundabout,Wet or damp,Raining,No,Daylight,2011-06-12 12:00:00,2011,1,6,12,7,0.500000,2,5,2,Roundabout,Entering roundabout,Front,Other/Not known,1198,Petrol,Volkswagen,Car,Moving off,Slight,12.000000
201206G067360,53.461596,-2.074206,North West England,Urban,C,8,30,Single carriageway,Wet or damp,Raining,No,Darkness - lights,2012-11-25 01:53:00,2012,3,11,25,7,0.078000,2,5,9,Crossroads,Mid Junction - on roundabout or on main road,Nearside,Other/Not known,1951,Heavy oil,Land Rover,Car,Going ahead,Fatal_Serious,2.000000
2013100026813,55.026738,-1.564762,North East England,Urban,B,1,30,Single carriageway,Snow,Other,No,Daylight,2013-01-22 08:45:00,2013,4,1,22,2,0.365000,2,5,14,T or staggered junction,Approaching junction or waiting/parked at junction approach,Front,Commuting to/from work,1997,Petrol,Peugeot,Car,Slowing or stopping,Slight,9.000000
2014120181071,54.094856,-0.908434,Yorkshire and the Humber,Rural,C,6,60,Single carriageway,Wet or damp,Raining,No,Daylight,2014-10-20 10:15:00,2014,3,10,20,1,0.427000,1,6,10,Not at junction or within 20 metres,Not at or within 20 metres of junction,Front,Other/Not known,1328,Petrol,Suzuki,Car,Going ahead,Slight,10.000000
201301VW40121,51.413165,-0.248241,London,Urban,Unclassified,9,30,Single carriageway,Dry,Fine,No,Daylight,2013-04-20 16:30:00,2013,1,4,20,6,0.688000,2,3,5,Not at junction or within 20 metres,Not at or within 20 metres of junction,Back,Other/Not known,1796,Petrol,Vauxhall,Car,Reversing,Fatal_Serious,17.000000
2010170M31920,54.528431,-1.282066,North East England,Rural,A,9,60,Roundabout,Dry,Fine,No,Daylight,2010-08-17 15:01:00,2010,2,8,17,2,0.626000,1,5,4,Roundabout,Leaving roundabout,Nearside,Other/Not known,1130,Petrol,Other,Motorcycle,Going ahead,Fatal_Serious,15.000000
201401XH30135,51.517563,-0.452366,London,Urban,A,7,30,Roundabout,Wet or damp,Raining,No,Darkness - lights,2014-02-14 22:05:00,2014,4,2,14,5,0.920000,2,3,2,Roundabout,Mid Junction - on roundabout or on main road,Nearside,Journey as part of work,1796,Petrol,Mercedes,Car,Going ahead,Slight,22.000000
2011160A01881,53.553364,-0.090875,Yorkshire and the Humber,Urban,B,8,30,Dual carriageway,Dry,Fine,No,Daylight,2011-05-12 14:30:00,2011,1,5,12,4,0.604000,2,2,2,T or staggered junction,Mid Junction - on roundabout or on main road,Front,Other/Not known,124,Petrol,Yamaha,Motorcycle,Going ahead,Slight,14.000000
201206J061677,53.417812,-2.150791,North West England,Urban,A,4,40,Dual carriageway,Dry,Fine,No,Daylight,2012-06-11 07:10:00,2012,1,6,11,1,0.299000,2,5,3,Crossroads,Mid Junction - on roundabout or on main road,Nearside,Commuting to/from work,1896,Heavy oil,Volkswagen,Car,Turning right,Slight,7.000000
20124100D0727,51.716454,-0.513768,East England,Rural,C,9,40,Single carriageway,Wet or damp,Fine,No,Darkness - no lights,2012-11-28 15:45:00,2012,3,11,28,3,0.656000,2,4,10,Crossroads,Mid Junction - on roundabout or on main road,Offside,Other/Not known,2497,Petrol,Other,Car,Going ahead,Slight,16.000000
2014120142157,53.906513,-1.983421,Yorkshire and the Humber,Rural,A,4,70,Dual carriageway,Wet or damp,Fine,No,Daylight,2014-08-21 10:19:00,2014,2,8,21,4,0.430000,2,2,14,Not at junction or within 20 metres,Not at or within 20 metres of junction,Front,Other/Not known,1390,Petrol,Volkswagen,Car,Slowing or stopping,Slight,10.000000
201205DD06207,53.454980,-2.718912,North West England,Urban,A,9,30,Dual carriageway,Dry,Fine,No,Daylight,2012-11-30 13:05:00,2012,3,11,30,5,0.545000,2,5,10,Crossroads,Approaching junction or waiting/parked at junction approach,Front,Other/Not known,1769,Petrol,Nissan,Car,Slowing or stopping,Slight,13.000000
2010130000517,53.730294,-1.393200,Yorkshire and the Humber,Rural,A,1,30,Single carriageway,Wet or damp,Fine,No,Daylight,2010-01-24 09:20:00,2010,4,1,24,7,0.389000,2,6,7,Crossroads,Entering main road,Offside,Other/Not known,1396,Petrol,Rover,Car,Turning left,Slight,9.000000
2012160C01511,53.858599,-0.656228,Yorkshire and the Humber,Rural,A,5,60,Roundabout,Wet or damp,Fine,No,Daylight,2012-03-19 07:52:00,2012,4,3,19,1,0.328000,1,1,15,Roundabout,Mid Junction - on roundabout or on main road,Nearside,Commuting to/from work,124,Petrol,Yamaha,Motorcycle,Slowing or stopping,Slight,8.000000
201106Q048315,53.538127,-2.116665,North West England,Urban,A,8,30,Slip road,Dry,Fine,No,Daylight,2011-06-26 16:00:00,2011,2,6,26,7,0.667000,3,5,1,Slip road,Entering from slip road,Front,Other/Not known,1124,Petrol,Citroen,Taxi,Going ahead,Slight,16.000000
2010471007824,50.829951,-0.669619,South East England,Urban,A,2,30,Single carriageway,Wet or damp,Fine,No,Darkness - lights,2010-11-19 18:37:00,2010,3,11,19,5,0.776000,3,3,15,T or staggered junction,Mid Junction - on roundabout or on main road,Nearside,Other/Not known,599,Petrol,Suzuki,Motorcycle,Going ahead,Slight,19.000000
201401HT20312,51.512773,-0.041643,London,Urban,A,5,30,Single carriageway,Wet or damp,Raining,No,Daylight,2014-04-22 08:50:00,2014,1,4,22,2,0.368000,2,5,1,Crossroads,Cleared junction or waiting/parked at junction exit,Nearside,Other/Not known,1995,Heavy oil,BMW,Car,Overtaking,Slight,9.000000
201320J006263,52.452388,-2.044996,Wast Midlands,Urban,A,9,40,Roundabout,Dry,Fine,No,Daylight,2013-05-15 19:27:00,2013,1,5,15,3,0.810000,2,4,3,Roundabout,Entering roundabout,Front,Other/Not known,1591,Petrol,Kia,Car,Moving off,Slight,19.000000
201401QA10075,51.566799,-0.350270,London,Urban,A,7,30,Single carriageway,Dry,Fine,No,Darkness - lights,2014-03-04 18:03:00,2014,4,3,4,2,0.752000,2,4,5,Roundabout,Approaching junction or waiting/parked at junction approach,Offside,Other/Not known,1388,Petrol,Ford,Car,Turning right,Slight,18.000000
201001JI40665,51.595209,0.018356,London,Urban,A,7,50,Dual carriageway,Dry,Fine,No,Daylight,2010-10-15 09:30:00,2010,3,10,15,5,0.396000,2,3,11,Not at junction or within 20 metres,Not at or within 20 metres of junction,Nearside,Commuting to/from work,599,Petrol,Yamaha,Motorcycle,Overtaking,Slight,10.000000
20112110X0069,52.682449,-2.016535,Wast Midlands,Rural,A,8,50,Dual carriageway,Wet or damp,Fine,No,Darkness - lights,2011-12-16 16:25:00,2011,3,12,16,5,0.684000,3,3,8,Not at junction or within 20 metres,Not at or within 20 metres of junction,Did not impact,Other/Not known,1998,Petrol,Renault,Car,Parked,Slight,16.000000
201042I092203,51.547869,0.703724,East England,Urban,B,5,30,Single carriageway,Dry,Fine,No,Daylight,2010-03-28 16:43:00,2010,1,3,28,7,0.697000,1,1,14,T or staggered junction,Cleared junction or waiting/parked at junction exit,Front,Other/Not known,1493,Petrol,Honda,Car,Going ahead,Slight,17.000000
201442I170104,51.910321,1.219111,East England,Rural,B,6,60,Single carriageway,Dry,Fine,No,Daylight,2014-04-09 18:45:00,2014,1,4,9,3,0.781000,2,7,4,Not at junction or within 20 metres,Not at or within 20 metres of junction,Front,Other/Not known,1560,Heavy oil,Mini,Car,Overtaking,Slight,19.000000
201311NF18993,54.829675,-1.367301,North East England,Urban,B,6,40,Single carriageway,Dry,Fine,No,Daylight,2013-09-05 14:17:00,2013,2,9,5,4,0.595000,2,7,12,Roundabout,Approaching junction or waiting/parked at junction approach,Offside,Other/Not known,998,Petrol,Nissan,Car,Parked,Slight,14.000000
201201EO40172,51.529989,-0.098718,London,Urban,A,1,30,Single carriageway,Dry,Fine,No,Daylight,2012-03-21 17:28:00,2012,1,3,21,3,0.728000,1,5,8,T or staggered junction,Approaching junction or waiting/parked at junction approach,Front,Other/Not known,124,Petrol,Other,Motorcycle,Overtaking,Slight,17.000000
2010440501642,51.280591,-1.106004,South East England,Urban,A,4,50,Dual carriageway,Dry,Fog or mist,No,Daylight,2010-11-27 08:05:00,2010,3,11,27,6,0.337000,2,4,11,T or staggered junction,Mid Junction - on roundabout or on main road,Nearside,Commuting to/from work,1332,Petrol,Toyota,Car,Turning right,Slight,8.000000
201234NW03572,52.282332,-0.635934,East Midlands,Rural,B,5,30,Single carriageway,Snow,Snowing,No,Darkness - lights,2012-02-06 23:50:00,2012,4,2,6,1,0.993000,1,3,8,Not at junction or within 20 metres,Not at or within 20 metres of junction,Front,Other/Not known,1360,Petrol,Peugeot,Car,Going ahead,Slight,24.000000
201204EA12309,53.738698,-2.477682,North West England,Urban,A,3,30,Single carriageway,Wet or damp,Raining,No,Darkness - lights,2012-10-11 21:40:00,2012,3,10,11,4,0.903000,2,5,11,Roundabout,Entering roundabout,Front,Other/Not known,1390,Petrol,Volkswagen,Car,Turning right,Slight,22.000000
201201HT20362,51.515098,-0.008824,London,Urban,A,6,40,Dual carriageway,Dry,Fine,No,Daylight,2012-06-16 14:25:00,2012,1,6,16,6,0.601000,2,3,5,T or staggered junction,Cleared junction or waiting/parked at junction exit,Back,Other/Not known,1598,Petrol,Toyota,Car,Going ahead,Fatal_Serious,14.000000
2014360080447,52.680475,1.461173,East England,Rural,C,9,60,Single carriageway,Dry,Fine,No,Daylight,2014-05-18 14:55:00,2014,1,5,18,7,0.622000,2,2,2,Not at junction or within 20 metres,Not at or within 20 metres of junction,Front,Other/Not known,1390,Petrol,Volkswagen,Car,Going ahead,Slight,15.000000
2011551C40868,50.724569,-1.937065,South West England,Urban,A,5,30,Single carriageway,Dry,Fine,No,Daylight,2011-09-08 12:57:00,2011,2,9,8,4,0.540000,2,4,7,T or staggered junction,Approaching junction or waiting/parked at junction approach,Back,Other/Not known,998,Petrol,Yamaha,Motorcycle,Slowing or stopping,Slight,13.000000
201437EA86598,52.046160,0.747482,East England,Urban,A,7,40,Single carriageway,Wet or damp,Fine,No,Daylight,2014-12-18 07:30:00,2014,3,12,18,4,0.312000,2,5,10,T or staggered junction,Approaching junction or waiting/parked at junction approach,Back,Commuting to/from work,1997,Heavy oil,Ford,Car,Waiting to go,Slight,7.000000
201442I050002,51.685408,0.132232,East England,Rural,Motorway,2,70,Dual carriageway,Wet or damp,Raining,No,Darkness - lights,2014-02-06 22:35:00,2014,4,2,6,4,0.941000,2,3,13,Not at junction or within 20 metres,Not at or within 20 metres of junction,Back,Other/Not known,2979,Petrol,BMW,Car,Going ahead,Slight,23.000000
2011211000757,53.008046,-2.210404,Wast Midlands,Urban,Unclassified,1,30,Single carriageway,Wet or damp,Fine,No,Darkness - lights,2011-02-06 20:02:00,2011,4,2,6,7,0.835000,2,7,3,Crossroads,Entering main road,Front,Other/Not known,1388,Petrol,Ford,Car,Turning right,Slight,20.000000
201232B064912,52.781904,-0.165895,East Midlands,Urban,C,8,30,Single carriageway,Dry,Unknown,No,Daylight,2012-02-23 17:10:00,2012,4,2,23,4,0.715000,2,3,8,T or staggered junction,Approaching junction or waiting/parked at junction approach,Front,Other/Not known,1229,Petrol,Vauxhall,Car,Turning right,Fatal_Serious,17.000000
2010331003243,52.633590,-1.130396,East Midlands,Urban,C,1,30,One way street,Dry,Fine,No,Daylight,2010-06-09 11:35:00,2010,1,6,9,3,0.483000,1,3,8,T or staggered junction,Approaching junction or waiting/parked at junction approach,Back,Journey as part of work,1597,Petrol,Other,Car,Reversing,Slight,12.000000
201111ND00931,54.765337,-1.519872,North East England,Rural,A,1,60,Single carriageway,Wet or damp,Fine,No,Daylight,2011-01-08 11:09:00,2011,4,1,8,6,0.465000,2,5,15,T or staggered junction,Mid Junction - on roundabout or on main road,Back,Other/Not known,1242,Petrol,Ford,Car,Going ahead,Slight,11.000000
2010130002740,53.657011,-1.550109,Yorkshire and the Humber,Urban,A,3,30,Single carriageway,Dry,Fine,No,Daylight,2010-04-13 19:42:00,2010,1,4,13,2,0.821000,2,2,13,Not at junction or within 20 metres,Not at or within 20 metres of junction,Nearside,Other/Not known,600,Petrol,Honda,Motorcycle,Slowing or stopping,Fatal_Serious,20.000000
2011120193608,54.383251,-1.446277,Yorkshire and the Humber,Rural,A,8,60,Single carriageway,Dry,Fine,No,Daylight,2011-11-15 13:44:00,2011,3,11,15,2,0.572000,2,3,3,T or staggered junction,Mid Junction - on roundabout or on main road,Back,Journey as part of work,2464,Heavy oil,Vauxhall,Van,Turning right,Slight,14.000000
201301XD80013,51.511964,-0.313629,London,Urban,Unclassified,2,30,Single carriageway,Snow,Snowing,No,Darkness - lights,2013-01-20 19:20:00,2013,4,1,20,7,0.806000,2,4,6,T or staggered junction,Approaching junction or waiting/parked at junction approach,Front,Other/Not known,1248,Heavy oil,Vauxhall,Car,Going ahead,Slight,19.000000
201320G001243,52.575122,-2.136611,Wast Midlands,Urban,A,4,30,Single carriageway,Wet or damp,Fine,No,Darkness - lights,2013-01-15 19:55:00,2013,4,1,15,2,0.830000,2,2,3,Crossroads,Mid Junction - on roundabout or on main road,Front,Other/Not known,1242,Petrol,Ford,Car,Going ahead,Slight,20.000000
201132D140611,53.229101,-0.536515,East Midlands,Urban,A,8,30,Dual carriageway,Dry,Fine,No,Daylight,2011-05-27 14:20:00,2011,1,5,27,5,0.597000,2,3,9,T or staggered junction,Mid Junction - on roundabout or on main road,Front,Other/Not known,1397,Petrol,Skoda,Car,Going ahead,Slight,14.000000
2010331007132,52.559005,-1.185714,East Midlands,Rural,Motorway,3,70,Dual carriageway,Wet or damp,Other,No,Darkness - no lights,2010-12-06 05:45:00,2010,3,12,6,1,0.240000,4,2,20,Not at junction or within 20 metres,Not at or within 20 metres of junction,Did not impact,Journey as part of work,1595,Petrol,Honda,Car,Going ahead,Fatal_Serious,6.000000
2013553D48491,50.739154,-1.748845,South West England,Urban,B,3,30,Single carriageway,Wet or damp,Fine,No,Daylight,2013-11-19 06:40:00,2013,3,11,19,2,0.278000,2,3,7,T or staggered junction,Mid Junction - on roundabout or on main road,Front,Commuting to/from work,124,Petrol,Other,Motorcycle,Going ahead,Fatal_Serious,7.000000
2012030000264,54.117738,-3.207520,North West England,Urban,Unclassified,7,30,Single carriageway,Wet or damp,Other,No,Daylight,2012-02-10 15:30:00,2012,4,2,10,5,0.646000,2,1,3,Not at junction or within 20 metres,Not at or within 20 metres of junction,Front,Other/Not known,49,Petrol,Other,Motorcycle,Slowing or stopping,Slight,16.000000
201301CW10690,51.500755,-0.126159,London,Urban,A,6,30,One way street,Dry,Fine,No,Daylight,2013-06-02 12:04:00,2013,1,6,2,7,0.503000,1,3,11,Crossroads,Approaching junction or waiting/parked at junction approach,Offside,Journey as part of work,125,Petrol,Honda,Motorcycle,Going ahead,Slight,12.000000
201404WA14053,53.805759,-3.053665,North West England,Urban,B,3,30,Single carriageway,Wet or damp,Raining,No,Darkness - lights,2014-10-31 22:20:00,2014,3,10,31,5,0.931000,2,6,5,T or staggered junction,Approaching junction or waiting/parked at junction approach,Front,Journey as part of work,1997,Heavy oil,Peugeot,Taxi,Going ahead,Slight,22.000000
2014131891719,53.636531,-1.805592,Yorkshire and the Humber,Urban,Unclassified,2,30,Single carriageway,Dry,Fine,No,Darkness - lighting unknown,2014-08-09 21:08:00,2014,2,8,9,6,0.881000,2,2,3,T or staggered junction,Entering main road,Front,Other/Not known,1198,Petrol,Volkswagen,Car,Turning right,Slight,21.000000
2010130372649,53.733799,-2.044988,Yorkshire and the Humber,Rural,A,7,30,Single carriageway,Dry,Fine,No,Daylight,2010-09-05 14:55:00,2010,2,9,5,7,0.622000,1,5,8,Not at junction or within 20 metres,Not at or within 20 metres of junction,Front,Other/Not known,781,Petrol,Honda,Motorcycle,Going ahead,Fatal_Serious,15.000000
2012400BA0030,52.150881,-0.386646,East England,Rural,A,7,70,Dual carriageway,Dry,Fine,No,Darkness - no lights,2012-01-13 18:15:00,2012,4,1,13,5,0.760000,3,5,16,Not at junction or within 20 metres,Not at or within 20 metres of junction,Front,Other/Not known,2290,Petrol,Other,Car,Slowing or stopping,Slight,18.000000
201201WW50561,51.439121,-0.186958,London,Urban,A,4,30,Single carriageway,Dry,Fine,No,Darkness - lights,2012-07-15 20:10:00,2012,2,7,15,7,0.840000,2,4,10,T or staggered junction,Mid Junction - on roundabout or on main road,Front,Other/Not known,1595,Petrol,Volkswagen,Car,Turning right,Slight,20.000000
2014300009738,53.008181,-1.481472,East Midlands,Rural,A,7,40,Single carriageway,Wet or damp,Fine,No,Darkness - lights,2014-10-10 00:37:00,2014,3,10,10,5,0.026000,1,1,7,Not at junction or within 20 metres,Not at or within 20 metres of junction,Front,Other/Not known,998,Petrol,Citroen,Car,Going ahead,Slight,1.000000
201130D000240,52.874575,-1.679041,East Midlands,Rural,A,8,40,Single carriageway,Wet or damp,Raining,No,Daylight,2011-03-05 11:44:00,2011,4,3,5,6,0.489000,2,4,12,Crossroads,Mid Junction - on roundabout or on main road,Front,Other/Not known,1242,Petrol,Fiat,Car,Going ahead,Slight,12.000000
201342I396312,51.677320,0.003245,East England,Rural,A,7,40,Roundabout,Dry,Fine,No,Darkness - lights,2013-12-12 17:55:00,2013,3,12,12,4,0.747000,2,6,4,Roundabout,Entering roundabout,Back,Other/Not known,1598,Petrol,Renault,Car,Waiting to go,Slight,18.000000
2014404CA0202,51.884663,-0.439251,East England,Urban,Unclassified,3,20,Single carriageway,Dry,Fine,No,Daylight,2014-02-24 12:46:00,2014,4,2,24,1,0.532000,2,3,7,T or staggered junction,Cleared junction or waiting/parked at junction exit,Front,Journey as part of work,1896,Heavy oil,Volkswagen,Taxi,Turning right,Slight,13.000000
201304FG13025,53.839843,-2.206892,North West England,Urban,A,1,30,Single carriageway,Wet or damp,Raining,No,Daylight,2013-04-12 18:15:00,2013,1,4,12,5,0.760000,2,4,2,Not at junction or within 20 metres,Not at or within 20 metres of junction,Back,Other/Not known,1461,Heavy oil,Renault,Car,Slowing or stopping,Slight,18.000000
2013440341849,51.361002,-1.086471,South East England,Rural,Unclassified,10,60,Single carriageway,Wet or damp,Raining,No,Daylight,2013-09-08 14:28:00,2013,2,9,8,7,0.603000,2,4,12,Not at junction or within 20 metres,Not at or within 20 metres of junction,Offside,Other/Not known,1984,Petrol,Volkswagen,Car,Going ahead,Slight,14.000000
2013460223236,51.427149,0.350303,South East England,Urban,C,7,30,Single carriageway,Dry,Fine,No,Darkness - lights,2013-01-16 18:35:00,2013,4,1,16,3,0.774000,2,2,10,T or staggered junction,Approaching junction or waiting/parked at junction approach,Front,Other/Not known,1199,Petrol,Vauxhall,Car,Going ahead,Slight,19.000000
201242I241507,51.898127,0.916319,East England,Urban,Unclassified,6,30,Single carriageway,Dry,Fine,No,Daylight,2012-07-27 07:34:00,2012,2,7,27,5,0.315000,2,4,6,Not at junction or within 20 metres,Not at or within 20 metres of junction,Front,Journey as part of work,1242,Petrol,Ford,Car,Moving off,Slight,8.000000
201304BA13084,54.175102,-2.592833,North West England,Rural,A,6,60,Single carriageway,Dry,Fine,No,Daylight,2013-07-07 08:40:00,2013,2,7,7,7,0.361000,1,5,11,Not at junction or within 20 metres,Not at or within 20 metres of junction,Nearside,Other/Not known,636,Petrol,Other,Motorcycle,Going ahead,Fatal_Serious,9.000000
201022D005087,52.335513,-2.047225,Wast Midlands,Urban,A,10,60,Single carriageway,Dry,Fine,No,Daylight,2010-10-08 13:06:00,2010,3,10,8,5,0.546000,1,7,8,Not at junction or within 20 metres,Not at or within 20 metres of junction,Front,Other/Not known,1390,Petrol,Renault,Car,Going ahead,Slight,13.000000
201401JC30103,51.566444,-0.035297,London,Urban,A,2,30,Single carriageway,Wet or damp,Fine,No,Darkness - lights,2014-03-03 19:50:00,2014,4,3,3,1,0.826000,2,4,13,T or staggered junction,Mid Junction - on roundabout or on main road,Offside,Other/Not known,1999,Petrol,Ford,Car,Going ahead,Slight,20.000000
2013521308453,51.522064,-2.550865,South West England,Urban,B,10,30,Roundabout,Dry,Fine,No,Darkness - lights,2013-11-22 18:00:00,2013,3,11,22,5,0.750000,2,4,6,Roundabout,Entering roundabout,Front,Other/Not known,1992,Heavy oil,Mercedes,Car,Moving off,Fatal_Serious,18.000000
201322C303846,52.192085,-2.174639,Wast Midlands,Rural,B,8,60,Single carriageway,Dry,Fine,No,Daylight,2013-10-15 10:00:00,2013,3,10,15,2,0.417000,3,7,1,Not at junction or within 20 metres,Not at or within 20 metres of junction,Front,Other/Not known,1360,Petrol,Citroen,Car,Going ahead,Slight,10.000000
2010130003064,53.817924,-1.636030,Yorkshire and the Humber,Urban,Unclassified,6,30,Single carriageway,Dry,Fine,No,Daylight,2010-04-28 13:55:00,2010,1,4,28,3,0.580000,2,3,5,Not at junction or within 20 metres,Not at or within 20 metres of junction,Back,Journey as part of work,1686,Heavy oil,Vauxhall,Car,Parked,Slight,14.000000
201401PY20060,51.401014,0.087288,London,Urban,A,6,30,Roundabout,Wet or damp,Fine,No,Daylight,2014-02-08 10:20:00,2014,4,2,8,6,0.431000,2,1,12,Roundabout,Mid Junction - on roundabout or on main road,Front,Other/Not known,1242,Petrol,Fiat,Car,Going ahead,Slight,10.000000
201037G029690,51.969467,1.248587,East England,Rural,B,8,30,Single carriageway,Dry,Fine,No,Daylight,2010-07-06 18:43:00,2010,2,7,6,2,0.780000,1,6,10,Not at junction or within 20 metres,Not at or within 20 metres of junction,Front,Commuting to/from work,1199,Petrol,Vauxhall,Car,Going ahead,Fatal_Serious,19.000000
201120T040951,52.463896,-1.848214,Wast Midlands,Urban,Unclassified,8,30,Single carriageway,Dry,Fine,No,Daylight,2011-05-17 08:40:00,2011,1,5,17,2,0.361000,3,4,1,Not at junction or within 20 metres,Not at or within 20 metres of junction,Front,Commuting to/from work,3200,Heavy oil,Other,Car,Parked,Slight,9.000000
201232L140912,53.256247,-0.732417,East Midlands,Rural,A,6,60,Single carriageway,Dry,Unknown,No,Daylight,2012-05-28 09:02:00,2012,1,5,28,1,0.376000,2,5,13,Crossroads,Approaching junction or waiting/parked at junction approach,Front,Other/Not known,2398,Petrol,Mercedes,Car,Going ahead,Fatal_Serious,9.000000
201131C312511,52.995805,-1.197218,East Midlands,Urban,Unclassified,1,30,Single carriageway,Dry,Fine,No,Daylight,2011-11-01 09:50:00,2011,3,11,1,2,0.410000,1,1,11,Not at junction or within 20 metres,Not at or within 20 metres of junction,Front,Other/Not known,1389,Petrol,Vauxhall,Car,Going ahead,Slight,10.000000
2011070045480,53.068251,-2.492319,North West England,Rural,A,3,60,Single carriageway,Dry,Fine,No,Daylight,2011-02-18 16:10:00,2011,4,2,18,5,0.674000,2,2,2,Not at junction or within 20 metres,Not at or within 20 metres of junction,Back,Other/Not known,1242,Petrol,Ford,Car,Slowing or stopping,Slight,16.000000
201220M013862,52.385428,-1.476604,Wast Midlands,Urban,B,7,40,Single carriageway,Dry,Fine,No,Daylight,2012-09-30 13:00:00,2012,3,9,30,7,0.542000,2,7,2,Not at junction or within 20 metres,Not at or within 20 metres of junction,Back,Other/Not known,1360,Petrol,Peugeot,Car,Waiting to go,Slight,13.000000
201105DD06232,53.473049,-2.688181,North West England,Urban,A,7,30,Single carriageway,Dry,Fine,No,Daylight,2011-11-01 09:05:00,2011,3,11,1,2,0.378000,1,2,15,Not at junction or within 20 metres,Not at or within 20 metres of junction,Front,Other/Not known,1896,Petrol,BMW,Car,Going ahead,Fatal_Serious,9.000000
2010360058901,52.518589,1.547888,East England,Rural,B,6,60,Single carriageway,Wet or damp,Fine,No,Daylight,2010-11-01 08:29:00,2010,3,11,1,1,0.353000,3,2,8,Not at junction or within 20 metres,Not at or within 20 metres of junction,Front,Other/Not known,1686,Heavy oil,Vauxhall,Car,Going ahead,Fatal_Serious,8.000000
2014170S30654,54.558335,-1.305618,North East England,Urban,A,8,30,Single carriageway,Dry,Fine,No,Daylight,2014-03-12 09:15:00,2014,4,3,12,3,0.385000,2,6,12,Crossroads,Mid Junction - on roundabout or on main road,Front,Other/Not known,1461,Heavy oil,Renault,Car,Going ahead,Slight,9.000000
201230B001906,53.239152,-1.786000,East Midlands,Rural,A,4,70,Dual carriageway,Dry,Fine,No,Daylight,2012-09-29 11:15:00,2012,3,9,29,6,0.469000,1,5,5,Not at junction or within 20 metres,Not at or within 20 metres of junction,Front,Other/Not known,2198,Heavy oil,Ford,Van,Going ahead,Slight,11.000000
2014554C33433,50.728435,-1.933944,South West England,Urban,B,4,30,Single carriageway,Dry,Fine,No,Daylight,2014-08-13 19:31:00,2014,2,8,13,3,0.813000,3,5,14,Not at junction or within 20 metres,Not at or within 20 metres of junction,Front,Other/Not known,1587,Petrol,Peugeot,Car,Going ahead,Slight,20.000000
201001YE80414,51.612498,-0.112749,London,Urban,A,2,30,Single carriageway,Dry,Fine,No,Daylight,2010-06-09 07:00:00,2010,1,6,9,3,0.292000,2,3,6,Not at junction or within 20 metres,Not at or within 20 metres of junction,Nearside,Other/Not known,1753,Heavy oil,Ford,Van,Changing lane,Slight,7.000000
2012440284416,50.994991,-1.359136,South East England,Rural,Motorway,9,70,Slip road,Dry,Fine,No,Daylight,2012-07-23 18:25:00,2012,2,7,23,1,0.767000,2,3,9,Roundabout,Approaching junction or waiting/parked at junction approach,Back,Other/Not known,1242,Petrol,Ford,Car,Waiting to go,Slight,18.000000
201431A173014,53.143663,-1.282838,East Midlands,Urban,Unclassified,2,30,Single carriageway,Dry,Fine,No,Daylight,2014-06-17 16:00:00,2014,1,6,17,2,0.667000,2,3,11,T or staggered junction,Approaching junction or waiting/parked at junction approach,Offside,Other/Not known,1984,Petrol,Volkswagen,Car,Going ahead,Slight,16.000000
2014440431386,50.920617,-1.298797,South East England,Urban,A,3,40,Single carriageway,Dry,Fine,No,Darkness - lights,2014-12-02 17:05:00,2014,3,12,2,2,0.712000,2,4,10,T or staggered junction,Approaching junction or waiting/parked at junction approach,Back,Other/Not known,1686,Heavy oil,Vauxhall,Car,Waiting to go,Slight,17.000000
2013130090865,53.649584,-1.385555,Yorkshire and the Humber,Rural,A,2,30,Single carriageway,Dry,Fine,No,Darkness - lighting unknown,2013-02-28 06:40:00,2013,4,2,28,4,0.278000,2,3,5,T or staggered junction,Approaching junction or waiting/parked at junction approach,Front,Other/Not known,2500,Heavy oil,Other,Van,Going ahead,Fatal_Serious,7.000000
201201YE80549,51.616218,-0.087027,London,Urban,A,3,40,Roundabout,Wet or damp,Raining,No,Darkness - lights,2012-08-27 21:30:00,2012,2,8,27,1,0.896000,2,3,7,Roundabout,Approaching junction or waiting/parked at junction approach,Front,Other/Not known,1149,Petrol,Renault,Car,Going ahead,Slight,22.000000