Accident_Index,Latitude,Longitude,Region,Urban_or_Rural_Area,X1st_Road_Class,Driver_IMD_Decile,Speed_limit,Road_Type,Road_Surface_Conditions,Weather,High_Wind,Lights,Datetime,Year,Season,Month_of_Year,Day_of_Month,Day_of_Week,Hour_of_Day,Number_of_Vehicles,Age_of_Driver,Age_of_Vehicle,Junction_Detail,Junction_Location,X1st_Point_of_Impact,Driver_Journey_Purpose,Engine_CC,Propulsion_Code,Vehicle_Make,Vehicle_Category,Vehicle_Manoeuvre,Accident_Severity,Hour_of_Day_dn
201201RY10349,51.484979,0.168182,London,Urban,Unclassified,2,30,One way street,Dry,Fine,No,Daylight,2012-10-10 09:05:00,2012,3,10,10,3,0.378000,2,3,13,Crossroads,Mid Junction - on roundabout or on main road,Front,Other/Not known,1598,Petrol,Volkswagen,Car,Going ahead,Slight,9.000000
201250GA2O001,50.354496,-4.798416,South West England,Rural,B,3,30,Single carriageway,Wet or damp,Fine,No,Darkness - no lights,2012-01-17 17:39:00,2012,4,1,17,2,0.735000,2,2,1,Not at junction or within 20 metres,Not at or within 20 metres of junction,Offside,Other/Not known,124,Petrol,Yamaha,Motorcycle,Going ahead,Fatal_Serious,18.000000
2010130234691,53.795799,-1.733230,Yorkshire and the Humber,Urban,Unclassified,1,30,Single carriageway,Dry,Fine,No,Daylight,2010-06-07 18:20:00,2010,1,6,7,1,0.764000,1,4,9,T or staggered junction,Approaching junction or waiting/parked at junction approach,Front,Other/Not known,1598,Petrol,Vauxhall,Car,Going ahead,Slight,18.000000
2012170L20792,54.566023,-1.152632,North East England,Urban,C,1,30,Single carriageway,Dry,Fine,No,Daylight,2012-05-12 15:25:00,2012,1,5,12,6,0.642000,2,1,9,Crossroads,Mid Junction - on roundabout or on main road,Front,Other/Not known,1242,Petrol,Fiat,Car,Turning right,Fatal_Serious,15.000000
201201GD10734,51.536680,-0.057055,London,Urban,A,4,30,Single carriageway,Dry,Fine,No,Darkness - lights,2012-11-14 16:45:00,2012,3,11,14,3,0.698000,2,3,15,Crossroads,Mid Junction - on roundabout or on main road,Nearside,Other/Not known,1389,Petrol,Vauxhall,Car,Turning right,Slight,17.000000
2013471306760,50.836756,-0.668489,South East England,Rural,A,4,30,Single carriageway,Dry,Fine,No,Daylight,2013-12-10 15:58:00,2013,3,12,10,2,0.665000,4,8,9,T or staggered junction,Approaching junction or waiting/parked at junction approach,Back,Other/Not known,1598,Petrol,Mazda,Car,Going ahead,Slight,16.000000
201150GT3K008,50.224236,-5.106051,South West England,Rural,Unclassified,5,60,Single carriageway,Dry,Fine,No,Daylight,2011-08-06 09:15:00,2011,2,8,6,6,0.385000,1,2,10,Not at junction or within 20 metres,Not at or within 20 metres of junction,Front,Other/Not known,1124,Petrol,Peugeot,Car,Going ahead,Slight,9.000000
201231A144012,53.136294,-1.189339,East Midlands,Urban,B,6,30,Single carriageway,Wet or damp,Fine,No,Daylight,2012-07-03 14:30:00,2012,2,7,3,2,0.604000,2,3,3,Not at junction or within 20 metres,Not at or within 20 metres of junction,Front,Other/Not known,1956,Heavy oil,Vauxhall,Car,Going ahead,Slight,14.000000
201020K005370,52.506334,-1.975952,Wast Midlands,Urban,A,1,40,Roundabout,Dry,Fine,No,Daylight,2010-04-16 11:15:00,2010,1,4,16,5,0.469000,2,2,1,Roundabout,Leaving roundabout,Front,Journey as part of work,2461,Heavy oil,Volkswagen,Van,Going ahead,Slight,11.000000
2010460194640,51.440237,0.279599,South East England,Urban,B,5,30,Dual carriageway,Wet or damp,Fine,Yes,Daylight,2010-12-15 09:33:00,2010,3,12,15,3,0.398000,3,6,4,Not at junction or within 20 metres,Not at or within 20 metres of junction,Back,Other/Not known,1398,Heavy oil,Peugeot,Car,Going ahead,Slight,10.000000
2013450004671,51.158736,-0.493393,South East England,Rural,Unclassified,6,60,Single carriageway,Frost or ice,Fine,No,Daylight,2013-03-05 08:00:00,2013,4,3,5,2,0.333000,2,1,3,Not at junction or within 20 metres,Not at or within 20 metres of junction,Front,Other/Not known,1198,Petrol,Volkswagen,Car,Going ahead,Slight,8.000000
2013542941213,51.388664,-2.170313,South West England,Rural,A,9,30,Single carriageway,Dry,Fine,No,Daylight,2013-03-28 12:57:00,2013,1,3,28,4,0.540000,2,8,17,Private drive or entrance,Leaving main road,Front,Other/Not known,998,Petrol,Nissan,Car,Turning right,Fatal_Serious,13.000000
2014547662114,51.417932,-1.880293,South West England,Rural,A,9,60,Single carriageway,Dry,Fine,No,Daylight,2014-08-23 15:56:00,2014,2,8,23,6,0.664000,3,7,9,Not at junction or within 20 metres,Not at or within 20 metres of junction,Nearside,Other/Not known,999,Petrol,Honda,Motorcycle,Slowing or stopping,Fatal_Serious,16.000000
2011551D19577,50.615712,-2.494399,South West England,Rural,B,7,30,Single carriageway,Dry,Fine,No,Daylight,2011-05-03 15:15:00,2011,1,5,3,2,0.635000,2,3,8,Crossroads,Approaching junction or waiting/parked at junction approach,Front,Other/Not known,1242,Petrol,Fiat,Car,Going ahead,Slight,15.000000
201230D000178,52.953446,-1.307229,East Midlands,Rural,C,5,40,Single carriageway,Dry,Other,No,Darkness - no lights,2012-01-10 16:30:00,2012,4,1,10,2,0.688000,2,6,1,T or staggered junction,Leaving main road,Front,Journey as part of work,2143,Heavy oil,Mercedes,Bus/minibus,Turning right,Slight,17.000000
2014214003539,53.109977,-2.037329,Wast Midlands,Urban,A,1,30,Roundabout,Dry,Fine,No,Daylight,2014-07-05 17:15:00,2014,2,7,5,6,0.719000,2,4,8,Roundabout,Mid Junction - on roundabout or on main road,Offside,Other/Not known,1997,Heavy oil,Peugeot,Car,Turning right,Slight,17.000000
2011130012326,53.609269,-1.890539,Yorkshire and the Humber,Rural,B,6,60,Single carriageway,Frost or ice,Raining,Yes,Darkness - lighting unknown,2011-01-10 07:20:00,2011,4,1,10,1,0.306000,3,4,11,Not at junction or within 20 metres,Not at or within 20 metres of junction,Front,Other/Not known,1783,Petrol,Renault,Car,Going ahead,Slight,7.000000
2011211000938,52.695935,-2.006330,Wast Midlands,Urban,Unclassified,3,30,Single carriageway,Dry,Fine,No,Daylight,2011-02-10 13:00:00,2011,4,2,10,4,0.542000,2,5,11,T or staggered junction,Entering main road,Front,Journey as part of work,2496,Heavy oil,Ford,Van,Turning right,Slight,13.000000
201037B046071,52.352687,0.537449,East England,Rural,A,4,60,Single carriageway,Dry,Fine,No,Darkness - no lights,2010-10-31 00:50:00,2010,3,10,31,7,0.035000,2,6,5,T or staggered junction,Entering main road,Front,Other/Not known,1995,Heavy oil,Toyota,Car,Turning right,Slight,1.000000
201305BB05750,53.506629,-2.944014,North West England,Urban,A,9,30,Dual carriageway,Wet or damp,Fine,No,Daylight,2013-12-26 14:00:00,2013,4,12,26,4,0.583000,1,6,8,Crossroads,Approaching junction or waiting/parked at junction approach,Front,Other/Not known,1998,Petrol,Honda,Car,Going ahead,Slight,14.000000
201306X068719,53.441430,-2.131997,North West England,Rural,Motorway,4,70,Dual carriageway,Wet or damp,Fine,No,Darkness - no lights,2013-01-07 17:10:00,2013,4,1,7,1,0.715000,3,3,4,Not at junction or within 20 metres,Not at or within 20 metres of junction,Nearside,Other/Not known,2148,Heavy oil,Mercedes,Car,Changing lane,Slight,17.000000
2010440297846,50.904510,-1.332390,South East England,Urban,Unclassified,2,30,Single carriageway,Dry,Fine,Yes,Daylight,2010-07-16 13:15:00,2010,2,7,16,5,0.552000,2,4,11,Not at junction or within 20 metres,Not at or within 20 metres of junction,Front,Other/Not known,1589,Petrol,Rover,Car,Moving off,Slight,13.000000
201401SX20856,51.572154,-0.218324,London,Urban,Unclassified,2,30,Roundabout,Dry,Fine,No,Daylight,2014-09-29 14:00:00,2014,3,9,29,1,0.583000,2,3,5,Roundabout,Mid Junction - on roundabout or on main road,Nearside,Other/Not known,125,Petrol,Honda,Motorcycle,Going ahead,Slight,14.000000
2013130253395,53.764287,-1.425858,Yorkshire and the Humber,Rural,A,10,60,Single carriageway,Dry,Fine,No,Darkness - lighting unknown,2013-06-19 20:30:00,2013,1,6,19,3,0.854000,4,4,5,Not at junction or within 20 metres,Not at or within 20 metres of junction,Offside,Other/Not known,1998,Petrol,Honda,Car,Overtaking,Fatal_Serious,20.000000
201143W161041,51.453433,-0.955399,South East England,Urban,A,10,30,Single carriageway,Dry,Fine,No,Daylight,2011-04-27 06:50:00,2011,1,4,27,3,0.285000,3,5,13,T or staggered junction,Approaching junction or waiting/parked at junction approach,Back,Other/Not known,2997,Petrol,Other,Car,Slowing or stopping,Slight,7.000000
201230C001706,53.145678,-1.414779,East Midlands,Urban,A,8,50,Single carriageway,Dry,Fine,No,Daylight,2012-09-19 11:00:00,2012,2,9,19,3,0.458000,3,4,10,T or staggered junction,Mid Junction - on roundabout or on main road,Front,Other/Not known,198,Petrol,Other,Motorcycle,Going ahead,Fatal_Serious,11.000000
2013450008422,51.422067,-0.410935,South East England,Rural,A,7,70,Dual carriageway,Wet or damp,Raining,No,Darkness - lights,2013-08-18 01:59:00,2013,2,8,18,7,0.083000,1,2,11,Not at junction or within 20 metres,Not at or within 20 metres of junction,Offside,Other/Not known,1149,Petrol,Renault,Car,Going ahead,Slight,2.000000
2014074007167,53.352141,-2.771806,North West England,Urban,Unclassified,1,30,Single carriageway,Wet or damp,Raining,No,Darkness - lights,2014-01-08 17:38:00,2014,4,1,8,3,0.735000,2,3,4,T or staggered junction,Mid Junction - on roundabout or on main road,Front,Other/Not known,996,Petrol,Nissan,Car,Moving off,Slight,18.000000
2010331006723,52.616500,-1.141517,East Midlands,Urban,A,9,30,Single carriageway,Dry,Fine,No,Daylight,2010-11-17 06:05:00,2010,3,11,17,3,0.253000,3,4,7,Private drive or entrance,Entering main road,Offside,Journey as part of work,1896,Heavy oil,Volkswagen,Car,Moving off,Slight,6.000000
201401CW11357,51.518229,-0.167819,London,Urban,A,3,30,Single carriageway,Dry,Fine,No,Darkness - lights,2014-09-11 00:56:00,2014,2,9,11,4,0.039000,1,5,11,Not at junction or within 20 metres,Not at or within 20 metres of junction,Front,Journey as part of work,2402,Heavy oil,Other,Taxi,Going ahead,Slight,1.000000
201414K061914,53.373716,-1.513268,Yorkshire and the Humber,Urban,Unclassified,1,30,Single carriageway,Dry,Fine,No,Daylight,2014-03-03 08:57:00,2014,4,3,3,1,0.373000,1,3,3,T or staggered junction,Leaving main road,Front,Commuting to/from work,1229,Petrol,Vauxhall,Car,Turning right,Slight,9.000000
2013233038713,52.160625,-1.881834,Wast Midlands,Rural,A,9,60,Roundabout,Dry,Fine,No,Daylight,2013-04-25 09:24:00,2013,1,4,25,4,0.392000,2,5,2,Roundabout,Mid Junction - on roundabout or on main road,Offside,Other/Not known,1248,Heavy oil,Vauxhall,Car,Changing lane,Slight,9.000000
2011130565398,53.806885,-1.673026,Yorkshire and the Humber,Urban,Unclassified,1,30,Single carriageway,Dry,Fine,No,Darkness - lighting unknown,2011-12-10 17:30:00,2011,3,12,10,6,0.729000,1,3,4,T or staggered junction,Approaching junction or waiting/parked at junction approach,Back,Journey as part of work,1998,Heavy oil,Toyota,Taxi,Reversing,Fatal_Serious,17.000000
201211NH08502,54.851152,-1.755034,North East England,Rural,C,4,30,Single carriageway,Dry,Fine,No,Daylight,2012-04-02 13:56:00,2012,1,4,2,1,0.581000,2,5,15,Crossroads,Entering main road,Back,Other/Not known,1489,Petrol,Mazda,Car,Going ahead,Slight,14.000000
2013520300421,50.923456,-2.669455,South West England,Rural,Unclassified,8,60,Single carriageway,Dry,Fine,No,Daylight,2013-01-16 07:57:00,2013,4,1,16,3,0.331000,2,6,9,Not at junction or within 20 metres,Not at or within 20 metres of junction,Front,Other/Not known,1198,Petrol,Skoda,Car,Going ahead,Slight,8.000000
201454A668114,51.293507,-2.190929,South West England,Rural,A,8,30,Single carriageway,Dry,Fine,No,Darkness - lights,2014-11-27 19:25:00,2014,3,11,27,4,0.809000,2,1,2,Roundabout,Approaching junction or waiting/parked at junction approach,Back,Other/Not known,1242,Petrol,Suzuki,Car,Waiting to go,Slight,19.000000
201423S030660,52.217811,-1.784401,Wast Midlands,Rural,Unclassified,7,60,Single carriageway,Dry,Fine,No,Daylight,2014-06-16 07:30:00,2014,1,6,16,1,0.312000,1,6,8,Not at junction or within 20 metres,Not at or within 20 metres of junction,Back,Journey as part of work,1910,Heavy oil,Vauxhall,Car,Going ahead,Slight,7.000000
2010440170449,50.906998,-1.410295,South East England,Urban,A,10,30,Dual carriageway,Dry,Fine,No,Daylight,2010-04-27 17:50:00,2010,1,4,27,2,0.743000,2,2,1,Not at junction or within 20 metres,Not at or within 20 metres of junction,Back,Other/Not known,1242,Petrol,Ford,Car,Slowing or stopping,Slight,18.000000
201130B000021,53.018354,-1.730299,East Midlands,Rural,C,9,30,Single carriageway,Wet or damp,Fine,No,Daylight,2011-01-19 07:25:00,2011,4,1,19,3,0.309000,2,3,2,T or staggered junction,Entering main road,Front,Other/Not known,1461,Heavy oil,Renault,Car,Turning right,Slight,7.000000
2013350040013,52.518951,-0.269726,East England,Rural,A,3,30,Single carriageway,Dry,Fine,No,Daylight,2013-01-29 09:58:00,2013,4,1,29,2,0.415000,2,5,15,Not at junction or within 20 metres,Not at or within 20 metres of junction,Front,Commuting to/from work,2157,Petrol,Honda,Car,Going ahead,Slight,10.000000
201201XD80499,51.549151,-0.367928,London,Urban,C,2,30,Single carriageway,Dry,Fine,No,Darkness - lights,2012-07-04 20:00:00,2012,2,7,4,3,0.833000,2,5,10,Private drive or entrance,Mid Junction - on roundabout or on main road,Offside,Other/Not known,2148,Heavy oil,Mercedes,Car,Turning right,Slight,20.000000
201001KF60534,51.536054,0.006797,London,Urban,A,5,30,Single carriageway,Dry,Fine,No,Darkness - lights,2010-08-19 21:34:00,2010,2,8,19,4,0.899000,2,4,4,T or staggered junction,Leaving main road,Offside,Other/Not known,599,Petrol,Honda,Motorcycle,Turning left,Slight,22.000000
2014214005999,53.106987,-2.020790,Wast Midlands,Urban,A,3,30,Single carriageway,Wet or damp,Fine,No,Darkness - lights,2014-11-14 17:25:00,2014,3,11,14,5,0.726000,2,1,2,Crossroads,Entering main road,Front,Other/Not known,124,Petrol,Other,Motorcycle,Turning right,Slight,17.000000
201101XD80496,51.538208,-0.357072,London,Urban,A,4,50,Dual carriageway,Wet or damp,Raining,No,Daylight,2011-08-11 13:50:00,2011,2,8,11,4,0.576000,2,5,1,Not at junction or within 20 metres,Not at or within 20 metres of junction,Offside,Journey as part of work,124,Petrol,Yamaha,Motorcycle,Going ahead,Slight,14.000000
2011521104981,51.372929,-2.808954,South West England,Rural,A,7,30,Single carriageway,Dry,Fine,No,Daylight,2011-08-05 14:10:00,2011,2,8,5,5,0.590000,2,4,4,Crossroads,Mid Junction - on roundabout or on main road,Offside,Other/Not known,1364,Petrol,Vauxhall,Car,Going ahead,Slight,14.000000
201204AX12068,53.816358,-3.033880,North West England,Urban,Unclassified,2,30,Single carriageway,Dry,Fine,No,Daylight,2012-07-12 18:30:00,2012,2,7,12,4,0.771000,2,6,12,T or staggered junction,Cleared junction or waiting/parked at junction exit,Front,Other/Not known,2259,Petrol,Ford,Car,Going ahead,Slight,19.000000
2011460200910,51.358980,0.543899,South East England,Urban,Unclassified,2,30,Single carriageway,Wet or damp,Raining,No,Daylight,2011-06-06 08:17:00,2011,1,6,6,1,0.345000,2,5,9,T or staggered junction,Mid Junction - on roundabout or on main road,Front,Journey as part of work,1997,Heavy oil,Citroen,Car,Turning right,Slight,8.000000
2014450019951,51.337499,-0.532820,South East England,Urban,A,9,40,Single carriageway,Dry,Fine,No,Daylight,2014-11-18 08:10:00,2014,3,11,18,2,0.340000,3,3,13,Private drive or entrance,Approaching junction or waiting/parked at junction approach,Back,Other/Not known,1390,Petrol,Volkswagen,Car,Going ahead,Slight,8.000000
201050DE2F021,50.729527,-3.526131,South West England,Urban,Unclassified,7,30,Roundabout,Dry,Fine,Yes,Daylight,2010-11-08 14:00:00,2010,3,11,8,1,0.583000,2,6,18,Roundabout,Entering roundabout,Offside,Commuting to/from work,1118,Petrol,Ford,Car,Going ahead,Slight,14.000000
201301CW10820,51.527589,-0.197286,London,Urban,B,7,30,Single carriageway,Dry,Fine,No,Daylight,2013-07-01 12:47:00,2013,2,7,1,1,0.533000,1,4,2,T or staggered junction,Mid Junction - on roundabout or on main road,Nearside,Journey as part of work,1995,Heavy oil,Vauxhall,Van,Turning left,Slight,13.000000
201450AY2D022,50.206265,-5.371606,South West England,Rural,A,3,60,Single carriageway,Dry,Fine,No,Daylight,2014-08-13 10:50:00,2014,2,8,13,3,0.451000,2,3,4,Not at junction or within 20 metres,Not at or within 20 metres of junction,Front,Other/Not known,1364,Petrol,Vauxhall,Car,Going ahead,Slight,11.000000
2012360064615,52.756552,0.393834,East England,Urban,Unclassified,1,30,Roundabout,Wet or damp,Fine,No,Darkness - lights,2012-02-15 17:30:00,2012,4,2,15,3,0.729000,1,3,9,Roundabout,Cleared junction or waiting/parked at junction exit,Front,Other/Not known,1896,Heavy oil,Audi,Car,Going ahead,Fatal_Serious,17.000000
2013160D07081,53.743932,-0.389620,Yorkshire and the Humber,Urban,B,4,30,Single carriageway,Dry,Fine,No,Daylight,2013-11-14 09:35:00,2013,3,11,14,4,0.399000,2,2,1,T or staggered junction,Entering main road,Nearside,Commuting to/from work,125,Petrol,Honda,Motorcycle,Turning right,Slight,10.000000
2011130221171,53.662149,-1.780534,Yorkshire and the Humber,Urban,A,4,30,Single carriageway,Dry,Fine,No,Daylight,2011-05-15 09:15:00,2011,1,5,15,7,0.385000,2,4,4,More than 4 arms (not roundabout),Approaching junction or waiting/parked at junction approach,Offside,Other/Not known,2204,Heavy oil,Honda,Car,Going ahead,Slight,9.000000
201443W250104,51.363684,-0.820954,South East England,Rural,A,8,40,Single carriageway,Dry,Fine,No,Daylight,2014-10-28 08:19:00,2014,3,10,28,2,0.347000,3,5,13,Not at junction or within 20 metres,Not at or within 20 metres of junction,Back,Commuting to/from work,1951,Heavy oil,BMW,Car,Slowing or stopping,Slight,8.000000
2014471401593,50.823980,-0.373043,South East England,Urban,A,5,30,Single carriageway,Dry,Fine,No,Daylight,2014-03-24 07:48:00,2014,1,3,24,1,0.325000,2,4,8,Crossroads,Mid Junction - on roundabout or on main road,Nearside,Journey as part of work,1998,Heavy oil,Ford,Van,Turning right,Fatal_Serious,8.000000
201301QK50666,51.544704,-0.252712,London,Urban,A,4,30,Dual carriageway,Dry,Fine,No,Darkness - lighting unknown,2013-07-26 19:10:00,2013,2,7,26,5,0.799000,2,5,1,Crossroads,Leaving main road,Nearside,Other/Not known,1598,Heavy oil,Volkswagen,Car,Turning right,Slight,19.000000
2011130521475,53.690266,-1.628046,Yorkshire and the Humber,Urban,A,7,30,Dual carriageway,Wet or damp,Fine,No,Darkness - lights,2011-11-13 17:25:00,2011,3,11,13,7,0.726000,2,3,5,T or staggered junction,Approaching junction or waiting/parked at junction approach,Front,Commuting to/from work,125,Petrol,Other,Motorcycle,Going ahead,Slight,17.000000
2014440240432,51.059858,-1.318586,South East England,Urban,B,9,30,Single carriageway,Dry,Fine,No,Daylight,2014-07-07 08:23:00,2014,2,7,7,1,0.349000,2,5,6,T or staggered junction,Mid Junction - on roundabout or on main road,Offside,Other/Not known,2148,Heavy oil,Mercedes,Car,Moving off,Fatal_Serious,8.000000
201420J004514,52.469654,-2.148797,Wast Midlands,Urban,A,3,30,One way street,Dry,Fine,No,Daylight,2014-04-14 18:15:00,2014,1,4,14,1,0.760000,1,5,1,T or staggered junction,Approaching junction or waiting/parked at junction approach,Front,Other/Not known,1560,Heavy oil,Peugeot,Car,Going ahead,Fatal_Serious,18.000000
2014460239828,51.236402,0.596730,South East England,Rural,Unclassified,6,30,Single carriageway,Dry,Fine,No,Daylight,2014-03-30 10:10:00,2014,1,3,30,7,0.424000,1,8,4,Not at junction or within 20 metres,Not at or within 20 metres of junction,Back,Other/Not known,1364,Petrol,Vauxhall,Car,Reversing,Fatal_Serious,10.000000
2011100047211,55.030238,-1.513894,North East England,Urban,A,1,30,Roundabout,Frost or ice,Fine,No,Daylight,2011-01-20 15:40:00,2011,4,1,20,4,0.653000,2,1,13,Roundabout,Approaching junction or waiting/parked at junction approach,Nearside,Other/Not known,1149,Petrol,Renault,Car,Going ahead,Slight,16.000000
2011460195442,51.297880,0.347422,South East England,Rural,A,8,50,Single carriageway,Wet or damp,Raining,No,Daylight,2011-01-06 10:20:00,2011,4,1,6,4,0.431000,2,5,4,T or staggered junction,Approaching junction or waiting/parked at junction approach,Front,Other/Not known,1995,Petrol,BMW,Car,Going ahead,Slight,10.000000
201045EL55184,51.399211,-0.384916,South East England,Rural,C,8,30,Single carriageway,Dry,Fine,No,Darkness - lights,2010-10-09 19:19:00,2010,3,10,9,6,0.805000,2,3,14,Crossroads,Mid Junction - on roundabout or on main road,Offside,Other/Not known,1995,Petrol,Fiat,Car,Going ahead,Slight,19.000000
2012471204475,50.841953,-0.665301,South East England,Rural,A,6,30,Single carriageway,Dry,Fine,No,Daylight,2012-08-27 11:24:00,2012,2,8,27,1,0.475000,2,4,12,Not at junction or within 20 metres,Not at or within 20 metres of junction,Back,Other/Not known,1995,Heavy oil,Vauxhall,Car,Slowing or stopping,Fatal_Serious,11.000000
201201TA00250,51.484004,-0.164438,London,Urban,Unclassified,4,30,Single carriageway,Dry,Fine,No,Daylight,2012-03-16 12:20:00,2012,4,3,16,5,0.514000,2,4,4,T or staggered junction,Cleared junction or waiting/parked at junction exit,Offside,Other/Not known,249,Petrol,Yamaha,Motorcycle,Going ahead,Fatal_Serious,12.000000
2013331300225,52.669766,-0.726536,East Midlands,Urban,B,9,30,Single carriageway,Dry,Fine,No,Darkness - no lights,2013-02-06 21:00:00,2013,4,2,6,3,0.875000,2,1,8,Private drive or entrance,Entering main road,Front,Other/Not known,1242,Petrol,Ford,Car,Moving off,Slight,21.000000
201101XH30773,51.496300,-0.415629,London,Urban,Unclassified,4,30,Single carriageway,Wet or damp,Fine,No,Darkness - lights,2011-12-16 15:55:00,2011,3,12,16,5,0.663000,2,5,8,Crossroads,Mid Junction - on roundabout or on main road,Front,Other/Not known,3222,Heavy oil,Mercedes,Car,Going ahead,Slight,16.000000
2010471005562,50.929805,0.817013,South East England,Rural,C,4,30,Single carriageway,Dry,Fine,Yes,Daylight,2010-08-25 18:53:00,2010,2,8,25,3,0.787000,2,1,5,Not at junction or within 20 metres,Not at or within 20 metres of junction,Nearside,Other/Not known,125,Petrol,Honda,Motorcycle,Going ahead,Fatal_Serious,19.000000
201306Q074512,53.531417,-2.122017,North West England,Urban,C,1,30,Single carriageway,Wet or damp,Raining,No,Daylight,2013-06-14 17:50:00,2013,1,6,14,5,0.743000,1,2,5,T or staggered junction,Approaching junction or waiting/parked at junction approach,Front,Journey as part of work,1896,Heavy oil,Volkswagen,Taxi,Going ahead,Slight,18.000000
2011530204043,51.808402,-2.287158,South West England,Rural,B,7,40,Single carriageway,Wet or damp,Fine,No,Daylight,2011-03-10 06:30:00,2011,4,3,10,4,0.271000,2,5,2,Private drive or entrance,Mid Junction - on roundabout or on main road,Front,Other/Not known,1242,Petrol,Vauxhall,Car,Overtaking,Slight,7.000000
2011211000153,52.933887,-1.970508,Wast Midlands,Rural,A,4,70,Dual carriageway,Snow,Snowing,No,Daylight,2011-01-07 08:55:00,2011,4,1,7,5,0.372000,1,4,4,Not at junction or within 20 metres,Not at or within 20 metres of junction,Front,Journey as part of work,2402,Heavy oil,Ford,Van,Going ahead,Slight,9.000000
2011471105719,50.862614,0.559412,South East England,Urban,A,1,30,Single carriageway,Dry,Fine,No,Daylight,2011-09-13 08:20:00,2011,2,9,13,2,0.347000,2,3,10,T or staggered junction,Cleared junction or waiting/parked at junction exit,Front,Other/Not known,1390,Petrol,Renault,Car,Moving off,Slight,8.000000
201401VW40489,51.421733,-0.208215,London,Urban,A,6,30,Single carriageway,Dry,Fine,No,Darkness - lights,2014-10-16 18:04:00,2014,3,10,16,4,0.753000,1,3,6,T or staggered junction,Approaching junction or waiting/parked at junction approach,Offside,Commuting to/from work,2204,Heavy oil,Honda,Car,Going ahead,Slight,18.000000
2013460233902,51.265679,0.482688,South East England,Urban,A,9,30,Single carriageway,Dry,Unknown,No,Daylight,2013-11-01 14:10:00,2013,3,11,1,5,0.590000,2,5,9,Crossroads,Approaching junction or waiting/parked at junction approach,Back,Other/Not known,1587,Petrol,Citroen,Car,Going ahead,Slight,14.000000
2010331004698,52.643371,-1.127837,East Midlands,Urban,A,9,30,Dual carriageway,Wet or damp,Raining,No,Darkness - lights,2010-08-14 05:00:00,2010,2,8,14,6,0.208000,2,5,12,Private drive or entrance,Entering main road,Front,Other/Not known,1796,Petrol,Rover,Car,Moving off,Slight,5.000000
201401VW40013,51.420507,-0.210421,London,Urban,B,8,30,Roundabout,Wet or damp,Fine,No,Darkness - lights,2014-01-03 19:49:00,2014,4,1,3,5,0.826000,2,6,14,Roundabout,Mid Junction - on roundabout or on main road,Front,Other/Not known,1800,Petrol,Volkswagen,Car,Going ahead,Slight,20.000000
201301RG40601,51.461844,0.075091,London,Urban,C,8,30,Single carriageway,Wet or damp,Raining,No,Darkness - lights,2013-12-16 18:30:00,2013,3,12,16,1,0.771000,2,2,5,T or staggered junction,Mid Junction - on roundabout or on main road,Front,Other/Not known,125,Petrol,Honda,Motorcycle,Turning right,Slight,19.000000
201230D002142,52.904058,-1.286161,East Midlands,Urban,Unclassified,7,30,Single carriageway,Dry,Fine,No,Daylight,2012-10-13 12:57:00,2012,3,10,13,6,0.540000,2,4,16,Crossroads,Entering main road,Front,Other/Not known,2494,Petrol,BMW,Car,Moving off,Slight,13.000000
201101ZD30108,51.374027,-0.097141,London,Urban,A,5,30,Single carriageway,Dry,Fine,No,Daylight,2011-02-26 11:55:00,2011,4,2,26,6,0.497000,2,4,12,Crossroads,Mid Junction - on roundabout or on main road,Back,Other/Not known,998,Petrol,Toyota,Car,Waiting to go,Slight,12.000000
2011211005342,53.006551,-2.122916,Wast Midlands,Urban,A,4,30,Single carriageway,Dry,Fine,No,Daylight,2011-09-25 15:15:00,2011,3,9,25,7,0.635000,2,2,4,Crossroads,Mid Junction - on roundabout or on main road,Front,Other/Not known,656,Petrol,Suzuki,Motorcycle,Going ahead,Slight,15.000000
201220T054942,52.479342,-1.780577,Wast Midlands,Urban,Unclassified,1,30,Single carriageway,Wet or damp,Fine,No,Daylight,2012-11-12 15:11:00,2012,3,11,12,1,0.633000,2,3,7,Crossroads,Mid Junction - on roundabout or on main road,Front,Other/Not known,49,Petrol,Other,Motorcycle,Overtaking,Fatal_Serious,15.000000
20114100E0395,51.870422,-0.159493,East England,Rural,Unclassified,9,30,Single carriageway,Wet or damp,Fine,No,Daylight,2011-08-13 09:35:00,2011,2,8,13,6,0.399000,2,5,4,Not at junction or within 20 metres,Not at or within 20 metres of junction,Front,Other/Not known,1984,Heavy oil,Seat,Car,Waiting to go,Slight,10.000000
2014440432031,50.939697,-1.387836,South East England,Urban,Unclassified,2,30,Single carriageway,Dry,Fine,No,Daylight,2014-12-03 08:25:00,2014,3,12,3,3,0.351000,2,2,12,Not at junction or within 20 metres,Not at or within 20 metres of junction,Front,Journey as part of work,1598,Petrol,Vauxhall,Car,Going ahead,Fatal_Serious,8.000000