Accident_Index,Latitude,Longitude,Region,Urban_or_Rural_Area,X1st_Road_Class,Driver_IMD_Decile,Speed_limit,Road_Type,Road_Surface_Conditions,Weather,High_Wind,Lights,Datetime,Year,Season,Month_of_Year,Day_of_Month,Day_of_Week,Hour_of_Day,Number_of_Vehicles,Age_of_Driver,Age_of_Vehicle,Junction_Detail,Junction_Location,X1st_Point_of_Impact,Driver_Journey_Purpose,Engine_CC,Propulsion_Code,Vehicle_Make,Vehicle_Category,Vehicle_Manoeuvre,Accident_Severity,Hour_of_Day_dn
2011331103090,52.664525,-0.515670,East Midlands,Urban,B,8,60,Single carriageway,Dry,Fine,No,Daylight,2011-06-06 12:55:00,2011,1,6,6,1,0.538000,2,1,5,Private drive or entrance,Approaching junction or waiting/parked at junction approach,Front,Other/Not known,49,Petrol,Other,Motorcycle,Slowing or stopping,Slight,13.000000
2011471107542,50.855041,0.572496,South East England,Urban,A,3,30,Single carriageway,Wet or damp,Raining,Yes,Darkness - lights,2011-11-29 16:38:00,2011,3,11,29,2,0.693000,2,7,1,T or staggered junction,Entering main road,Front,Other/Not known,1229,Petrol,Vauxhall,Car,Moving off,Slight,17.000000
201420W029924,52.493627,-1.910857,Wast Midlands,Urban,A,3,30,Dual carriageway,Dry,Fine,No,Daylight,2014-06-02 09:48:00,2014,1,6,2,1,0.408000,2,2,7,Not at junction or within 20 metres,Not at or within 20 metres of junction,Front,Commuting to/from work,2148,Heavy oil,Mercedes,Car,Overtaking,Slight,10.000000
2012350096112,52.548603,-0.238029,East England,Rural,A,8,40,Roundabout,Dry,Fine,No,Darkness - lights,2012-02-28 19:56:00,2012,4,2,28,2,0.831000,2,4,9,Roundabout,Approaching junction or waiting/parked at junction approach,Front,Other/Not known,1689,Heavy oil,Mercedes,Car,Going ahead,Slight,20.000000
201134WN30521,52.230752,-0.868284,East Midlands,Rural,A,10,60,Dual carriageway,Dry,Fine,No,Daylight,2011-09-02 13:44:00,2011,2,9,2,5,0.572000,3,1,15,Not at junction or within 20 metres,Not at or within 20 metres of junction,Back,Commuting to/from work,899,Petrol,Fiat,Car,Going ahead,Slight,14.000000
2012460220725,51.440542,0.240473,South East England,Urban,B,3,30,Single carriageway,Dry,Fine,No,Daylight,2012-11-07 14:10:00,2012,3,11,7,3,0.590000,2,5,5,T or staggered junction,Approaching junction or waiting/parked at junction approach,Front,Journey as part of work,1796,Petrol,Vauxhall,Car,Going ahead,Slight,14.000000
2010521008334,51.345523,-2.938988,South West England,Rural,A,8,50,Dual carriageway,Dry,Fine,No,Daylight,2010-10-20 08:35:00,2010,3,10,20,3,0.358000,2,6,16,Not at junction or within 20 metres,Not at or within 20 metres of junction,Front,Other/Not known,2972,Petrol,Other,Car,Going ahead,Slight,9.000000
201143W237101,51.431745,-0.857209,South East England,Rural,A(M),5,70,Dual carriageway,Wet or damp,Raining,No,Darkness - no lights,2011-10-30 19:32:00,2011,3,10,30,7,0.814000,3,3,15,Not at junction or within 20 metres,Not at or within 20 metres of junction,Front,Other/Not known,1332,Petrol,Toyota,Car,Going ahead,Slight,20.000000
2011360061566,52.604914,1.732748,East England,Urban,C,1,30,Single carriageway,Wet or damp,Fine,No,Daylight,2011-06-23 18:53:00,2011,2,6,23,4,0.787000,1,4,12,Crossroads,Approaching junction or waiting/parked at junction approach,Front,Commuting to/from work,124,Petrol,Honda,Motorcycle,Slowing or stopping,Fatal_Serious,19.000000
201301PY20613,51.351350,0.068226,London,Rural,C,7,30,Single carriageway,Wet or damp,Other,No,Darkness - no lights,2013-10-13 23:15:00,2013,3,10,13,7,0.969000,2,1,9,Not at junction or within 20 metres,Not at or within 20 metres of junction,Front,Other/Not known,998,Petrol,Vauxhall,Car,Going ahead,Fatal_Serious,23.000000
2010331006189,52.640521,-1.072178,East Midlands,Urban,A,2,30,Dual carriageway,Dry,Fine,No,Daylight,2010-10-27 15:30:00,2010,3,10,27,3,0.646000,2,6,17,T or staggered junction,Leaving main road,Nearside,Other/Not known,1120,Petrol,Rover,Car,Turning right,Fatal_Serious,16.000000
201301QK50589,51.552833,-0.285577,London,Urban,A,3,30,Single carriageway,Wet or damp,Raining,No,Darkness - lights,2013-09-13 21:20:00,2013,2,9,13,5,0.889000,2,5,8,T or staggered junction,Mid Junction - on roundabout or on main road,Front,Other/Not known,1497,Petrol,Nissan,Car,Going ahead,Slight,21.000000
2010440420761,50.850230,-1.222077,South East England,Urban,A,3,40,Dual carriageway,Wet or damp,Fine,No,Daylight,2010-10-04 10:45:00,2010,3,10,4,1,0.448000,2,3,6,T or staggered junction,Mid Junction - on roundabout or on main road,Offside,Other/Not known,1390,Petrol,Renault,Car,Turning right,Slight,11.000000
201350DE2E005,50.740635,-3.465037,South West England,Urban,Unclassified,9,30,Single carriageway,Dry,Fine,No,Daylight,2013-04-20 12:45:00,2013,1,4,20,6,0.531000,2,7,30,T or staggered junction,Leaving main road,Front,Journey as part of work,650,Petrol,BMW,Motorcycle,Turning left,Slight,13.000000
2012552D39161,50.813005,-1.871938,South West England,Rural,A,8,50,Roundabout,Dry,Fine,No,Daylight,2012-09-16 18:38:00,2012,2,9,16,7,0.776000,2,1,9,Roundabout,Approaching junction or waiting/parked at junction approach,Front,Other/Not known,645,Petrol,Suzuki,Motorcycle,Going ahead,Slight,19.000000
201401HT20407,51.525020,-0.064327,London,Urban,B,6,30,Single carriageway,Dry,Fine,No,Daylight,2014-05-16 18:34:00,2014,1,5,16,5,0.774000,2,3,7,Not at junction or within 20 metres,Not at or within 20 metres of junction,Offside,Other/Not known,1242,Petrol,Ford,Car,Waiting to go,Fatal_Serious,19.000000
201020M001950,52.390312,-1.483158,Wast Midlands,Urban,A,6,40,Dual carriageway,Dry,Fine,No,Daylight,2010-04-17 12:45:00,2010,1,4,17,6,0.531000,2,2,6,Roundabout,Approaching junction or waiting/parked at junction approach,Back,Other/Not known,1360,Petrol,Peugeot,Car,Slowing or stopping,Slight,13.000000
2013400CA0267,51.866720,-0.418042,East England,Urban,Unclassified,2,30,Single carriageway,Dry,Fine,No,Darkness - lights,2013-03-29 19:13:00,2013,1,3,29,5,0.801000,2,3,7,T or staggered junction,Mid Junction - on roundabout or on main road,Offside,Other/Not known,1229,Petrol,Vauxhall,Car,Turning right,Slight,19.000000
201022F001341,52.712160,-2.677331,Wast Midlands,Rural,Unclassified,8,60,Single carriageway,Dry,Fine,No,Darkness - no lights,2010-03-15 22:45:00,2010,4,3,15,1,0.948000,2,1,4,Not at junction or within 20 metres,Not at or within 20 metres of junction,Front,Other/Not known,1198,Petrol,Volkswagen,Car,Going ahead,Slight,23.000000
201142I416812,51.886105,0.904204,East England,Urban,A,9,30,Single carriageway,Dry,Fine,No,Daylight,2011-12-17 13:35:00,2011,3,12,17,6,0.566000,2,4,3,Roundabout,Entering roundabout,Front,Other/Not known,1997,Heavy oil,Ford,Car,Moving off,Fatal_Serious,14.000000
201342I276509,51.550740,0.656809,East England,Urban,Unclassified,5,30,Single carriageway,Wet or damp,Fine,No,Daylight,2013-09-09 08:00:00,2013,2,9,9,1,0.333000,2,3,6,Crossroads,Mid Junction - on roundabout or on main road,Front,Commuting to/from work,1596,Petrol,Ford,Car,Going ahead,Slight,8.000000
201130D000001,52.896300,-1.469875,East Midlands,Urban,A,7,40,Single carriageway,Wet or damp,Fine,No,Darkness - lights,2011-01-01 07:05:00,2011,4,1,1,6,0.295000,2,3,4,Crossroads,Entering main road,Front,Other/Not known,1995,Heavy oil,BMW,Car,Going ahead,Slight,7.000000
201206X058788,53.486826,-2.651811,North West England,Urban,Motorway,10,70,Slip road,Dry,Fine,No,Daylight,2012-04-05 11:45:00,2012,1,4,5,4,0.490000,3,7,3,Slip road,Approaching junction or waiting/parked at junction approach,Did not impact,Commuting to/from work,1956,Heavy oil,Vauxhall,Car,Going ahead,Slight,12.000000
2013236666913,52.469004,-1.637690,Wast Midlands,Rural,Motorway,2,70,Dual carriageway,Dry,Fine,Yes,Daylight,2013-12-05 13:00:00,2013,3,12,5,4,0.542000,2,6,14,Not at junction or within 20 metres,Not at or within 20 metres of junction,Nearside,Other/Not known,1998,Petrol,Renault,Car,Overtaking,Slight,13.000000
2014554C16137,50.733933,-1.850048,South West England,Urban,A,9,30,Slip road,Wet or damp,Raining,No,Daylight,2014-04-23 11:45:00,2014,1,4,23,3,0.490000,2,6,5,Roundabout,Entering roundabout,Nearside,Other/Not known,1598,Petrol,Vauxhall,Car,Moving off,Slight,12.000000
2013360073774,52.845095,1.132409,East England,Rural,B,3,60,Single carriageway,Dry,Fine,No,Daylight,2013-08-25 13:30:00,2013,2,8,25,7,0.562000,2,4,15,Not at junction or within 20 metres,Not at or within 20 metres of junction,Front,Other/Not known,1157,Petrol,Suzuki,Motorcycle,Going ahead,Slight,13.000000
201222E201598,52.055912,-2.713741,Wast Midlands,Urban,Unclassified,5,30,One way street,Dry,Fine,No,Daylight,2012-04-12 15:31:00,2012,1,4,12,4,0.647000,2,3,2,Not at junction or within 20 metres,Not at or within 20 metres of junction,Back,Journey as part of work,1968,Heavy oil,Audi,Car,Slowing or stopping,Slight,16.000000
201045MO50336,51.314526,-0.335372,South East England,Urban,B,6,30,Single carriageway,Dry,Fine,No,Daylight,2010-05-11 10:38:00,2010,1,5,11,2,0.443000,1,3,2,T or staggered junction,Leaving main road,Front,Other/Not known,659,Petrol,Yamaha,Motorcycle,Going ahead,Fatal_Serious,11.000000
2012120129915,54.049151,-1.175952,Yorkshire and the Humber,Rural,A,4,60,Single carriageway,Dry,Fine,No,Daylight,2012-08-07 14:01:00,2012,2,8,7,2,0.584000,2,3,9,Not at junction or within 20 metres,Not at or within 20 metres of junction,Front,Other/Not known,1598,Petrol,Vauxhall,Car,Going ahead,Fatal_Serious,14.000000
2012471202787,51.080034,-0.052978,South East England,Rural,Unclassified,10,30,Single carriageway,Dry,Fine,No,Daylight,2012-05-31 09:04:00,2012,1,5,31,4,0.378000,2,6,7,Crossroads,Mid Junction - on roundabout or on main road,Front,Journey as part of work,49,Petrol,Other,Motorcycle,Going ahead,Fatal_Serious,9.000000
2012440017288,51.038833,-0.890166,South East England,Rural,B,10,30,Single carriageway,Dry,Fine,No,Daylight,2012-01-12 13:40:00,2012,4,1,12,4,0.569000,2,7,2,Not at junction or within 20 metres,Not at or within 20 metres of junction,Did not impact,Taking pupil to/from school,2402,Heavy oil,Ford,Bus/minibus,Parked,Fatal_Serious,14.000000
2012450000514,51.140145,-0.038985,South East England,Urban,A,10,40,Single carriageway,Dry,Fine,No,Darkness - lights,2012-11-21 18:24:00,2012,3,11,21,3,0.767000,2,1,3,Not at junction or within 20 metres,Not at or within 20 metres of junction,Offside,Other/Not known,1388,Petrol,Ford,Car,Changing lane,Slight,18.000000
201142I034802,51.761597,0.473433,East England,Urban,B,10,30,Single carriageway,Dry,Fine,No,Darkness - lights,2011-02-01 20:54:00,2011,4,2,1,2,0.871000,1,4,6,Private drive or entrance,Approaching junction or waiting/parked at junction approach,Did not impact,Other/Not known,2198,Petrol,Vauxhall,Car,Turning left,Fatal_Serious,21.000000
201231A088912,53.120361,-1.188847,East Midlands,Rural,A,7,40,Single carriageway,Wet or damp,Raining,No,Daylight,2012-04-17 06:50:00,2012,1,4,17,2,0.285000,2,6,9,Crossroads,Mid Junction - on roundabout or on main road,Front,Commuting to/from work,1396,Petrol,Rover,Car,Going ahead,Slight,7.000000
201250BD2C010,50.486179,-4.471148,South West England,Rural,C,2,30,Single carriageway,Dry,Fine,No,Daylight,2012-12-25 13:57:00,2012,4,12,25,2,0.581000,1,3,14,T or staggered junction,Approaching junction or waiting/parked at junction approach,Front,Other/Not known,1597,Petrol,Ford,Car,Turning right,Slight,14.000000
201222D203983,52.397120,-2.197786,Wast Midlands,Rural,A,5,60,Dual carriageway,Dry,Fine,No,Darkness - lights,2012-10-08 19:12:00,2012,3,10,8,1,0.800000,3,1,6,T or staggered junction,Cleared junction or waiting/parked at junction exit,Front,Other/Not known,1229,Petrol,Vauxhall,Car,Going ahead,Slight,19.000000
2012130269320,53.727979,-1.865222,Yorkshire and the Humber,Urban,Unclassified,3,30,Single carriageway,Wet or damp,Raining,No,Daylight,2012-06-22 07:45:00,2012,2,6,22,5,0.323000,2,6,15,T or staggered junction,Approaching junction or waiting/parked at junction approach,Back,Other/Not known,1598,Petrol,Mazda,Car,Going ahead,Fatal_Serious,8.000000
2014554C45563,50.733217,-1.974605,South West England,Urban,Unclassified,4,30,Single carriageway,Dry,Fine,No,Daylight,2014-11-01 19:22:00,2014,3,11,1,6,0.807000,3,5,6,T or staggered junction,Cleared junction or waiting/parked at junction exit,Did not impact,Other/Not known,1598,Petrol,Vauxhall,Car,Reversing,Slight,19.000000
201204AX12065,53.824895,-3.054752,North West England,Urban,Unclassified,8,30,Single carriageway,Dry,Fine,No,Daylight,2012-06-27 08:45:00,2012,2,6,27,3,0.365000,2,7,13,Roundabout,Mid Junction - on roundabout or on main road,Front,Other/Not known,1598,Petrol,Volkswagen,Car,Turning right,Slight,9.000000
2013530207668,51.904859,-2.079333,South West England,Urban,A,9,30,Single carriageway,Wet or damp,Fine,No,Darkness - lights,2013-01-29 22:00:00,2013,4,1,29,2,0.917000,2,2,11,T or staggered junction,Entering main road,Front,Other/Not known,1584,Petrol,Other,Car,Turning right,Slight,22.000000
201111SJ28311,54.534948,-1.552871,North East England,Urban,A,1,30,Single carriageway,Dry,Fine,No,Daylight,2011-10-25 14:30:00,2011,3,10,25,2,0.604000,2,5,5,T or staggered junction,Leaving main road,Nearside,Other/Not known,1299,Petrol,Ford,Car,Turning right,Slight,14.000000
201405BB04701,53.484986,-2.997969,North West England,Urban,Unclassified,1,30,Single carriageway,Dry,Fine,No,Daylight,2014-09-26 18:30:00,2014,3,9,26,5,0.771000,3,5,11,T or staggered junction,Approaching junction or waiting/parked at junction approach,Front,Other/Not known,1896,Heavy oil,Audi,Car,Going ahead,Slight,19.000000
201201EK40599,51.527178,-0.130841,London,Urban,A,2,30,Single carriageway,Dry,Fine,No,Daylight,2012-11-17 06:50:00,2012,3,11,17,6,0.285000,2,3,1,Crossroads,Mid Junction - on roundabout or on main road,Front,Other/Not known,2499,Heavy oil,Other,Taxi,Going ahead,Slight,7.000000
20141313I0589,53.763193,-1.395290,Yorkshire and the Humber,Urban,Unclassified,3,30,Single carriageway,Wet or damp,Fine,No,Daylight,2014-03-18 07:55:00,2014,4,3,18,2,0.330000,2,2,16,Not at junction or within 20 metres,Not at or within 20 metres of junction,Nearside,Other/Not known,1600,Petrol,Volkswagen,Car,Overtaking,Slight,8.000000
2011130312656,53.793038,-1.376659,Yorkshire and the Humber,Urban,Unclassified,9,30,Single carriageway,Dry,Fine,No,Daylight,2011-07-08 17:30:00,2011,2,7,8,5,0.729000,2,3,5,T or staggered junction,Entering main road,Front,Other/Not known,1796,Petrol,Vauxhall,Car,Moving off,Slight,17.000000
201220T056142,52.430963,-1.827295,Wast Midlands,Urban,Unclassified,1,30,Single carriageway,Frost or ice,Fine,No,Darkness - lights,2012-12-01 05:06:00,2012,3,12,1,6,0.212000,2,2,11,Private drive or entrance,Mid Junction - on roundabout or on main road,Front,Other/Not known,1995,Petrol,BMW,Car,Reversing,Slight,5.000000
201201CW10549,51.494057,-0.151789,London,Urban,Unclassified,9,30,Single carriageway,Dry,Fine,No,Daylight,2012-05-03 12:33:00,2012,1,5,3,4,0.523000,2,5,7,Crossroads,Mid Junction - on roundabout or on main road,Front,Journey as part of work,2953,Heavy oil,Nissan,Van,Moving off,Slight,13.000000
201101TD00049,51.615913,-0.084873,London,Urban,A,3,30,Slip road,Dry,Fine,No,Daylight,2011-03-16 08:42:00,2011,4,3,16,3,0.362000,1,3,8,T or staggered junction,Approaching junction or waiting/parked at junction approach,Front,Other/Not known,1598,Petrol,Mini,Car,Going ahead,Fatal_Serious,9.000000
2011211006906,52.801635,-1.635969,Wast Midlands,Urban,B,2,30,Single carriageway,Wet or damp,Raining,Yes,Darkness - lights,2011-12-13 05:50:00,2011,3,12,13,2,0.243000,2,6,10,Crossroads,Mid Junction - on roundabout or on main road,Front,Journey as part of work,2597,Petrol,Mercedes,Car,Going ahead,Slight,6.000000
201405CC02022,53.406936,-2.825854,North West England,Urban,Unclassified,2,30,Single carriageway,Dry,Fine,No,Daylight,2014-03-17 10:49:00,2014,4,3,17,1,0.451000,1,3,1,Crossroads,Cleared junction or waiting/parked at junction exit,Offside,Other/Not known,1560,Heavy oil,Volvo,Car,Going ahead,Slight,11.000000
201131B153911,53.304273,-1.121542,East Midlands,Urban,B,3,30,Single carriageway,Wet or damp,Other,No,Daylight,2011-07-08 17:20:00,2011,2,7,8,5,0.722000,2,5,5,Crossroads,Mid Junction - on roundabout or on main road,Offside,Other/Not known,2148,Heavy oil,Mercedes,Van,Going ahead,Fatal_Serious,17.000000
2014300010262,53.245512,-1.425707,East Midlands,Urban,B,3,30,Roundabout,Wet or damp,Raining,No,Darkness - lights,2014-11-06 16:35:00,2014,3,11,6,4,0.691000,2,2,9,Roundabout,Entering roundabout,Front,Commuting to/from work,124,Petrol,Suzuki,Motorcycle,Going ahead,Slight,17.000000
2012552D21543,50.934370,-2.295973,South West England,Rural,Unclassified,5,30,Single carriageway,Dry,Fine,No,Daylight,2012-05-27 18:05:00,2012,1,5,27,7,0.753000,1,6,12,Not at junction or within 20 metres,Not at or within 20 metres of junction,Offside,Other/Not known,1596,Petrol,Ford,Car,Going ahead,Slight,18.000000
2014460246027,51.282588,0.194630,South East England,Urban,A,4,30,Single carriageway,Dry,Fine,No,Daylight,2014-06-24 18:00:00,2014,2,6,24,2,0.750000,2,3,1,Not at junction or within 20 metres,Not at or within 20 metres of junction,Back,Other/Not known,125,Petrol,Honda,Motorcycle,Going ahead,Slight,18.000000
201042I007901,51.557952,0.599862,East England,Urban,A,8,40,Roundabout,Wet or damp,Other,No,Darkness - lights,2010-01-15 19:25:00,2010,4,1,15,5,0.809000,2,5,5,Roundabout,Approaching junction or waiting/parked at junction approach,Front,Other/Not known,1798,Petrol,Ford,Car,Waiting to go,Slight,19.000000
201242I298409,51.840324,1.218510,East England,Rural,B,8,30,Single carriageway,Dry,Fine,No,Daylight,2012-09-20 16:30:00,2012,2,9,20,4,0.688000,2,8,16,Not at junction or within 20 metres,Not at or within 20 metres of junction,Front,Other/Not known,1242,Petrol,Ford,Car,Going ahead,Slight,17.000000
201332N336613,53.182876,-0.627193,East Midlands,Rural,A,1,60,Single carriageway,Wet or damp,Raining,No,Daylight,2013-09-15 14:20:00,2013,2,9,15,7,0.597000,2,4,7,T or staggered junction,Approaching junction or waiting/parked at junction approach,Nearside,Other/Not known,1312,Petrol,Honda,Motorcycle,Going ahead,Fatal_Serious,14.000000
2013160C01351,53.850739,-0.709962,Yorkshire and the Humber,Rural,Unclassified,4,60,Single carriageway,Wet or damp,Fine,No,Daylight,2013-03-14 17:50:00,2013,4,3,14,4,0.743000,1,2,12,Not at junction or within 20 metres,Not at or within 20 metres of junction,Front,Other/Not known,2172,Heavy oil,Vauxhall,Car,Going ahead,Slight,18.000000
201220J007312,52.508732,-2.086898,Wast Midlands,Urban,Unclassified,2,30,Single carriageway,Wet or damp,Fine,No,Darkness - lights,2012-07-06 22:30:00,2012,2,7,6,5,0.938000,1,2,9,Not at junction or within 20 metres,Not at or within 20 metres of junction,Front,Other/Not known,3246,Petrol,BMW,Car,U-turn,Fatal_Serious,23.000000
201042I114504,51.719408,0.541353,East England,Rural,A,10,60,Single carriageway,Dry,Fine,No,Daylight,2010-04-17 17:25:00,2010,1,4,17,6,0.726000,3,6,9,T or staggered junction,Mid Junction - on roundabout or on main road,Back,Other/Not known,1299,Petrol,Ford,Car,Waiting to go,Slight,17.000000
2014160C06681,53.705017,-0.875494,Yorkshire and the Humber,Urban,Unclassified,4,20,Single carriageway,Dry,Fine,No,Daylight,2014-08-29 15:30:00,2014,2,8,29,5,0.646000,2,3,5,T or staggered junction,Approaching junction or waiting/parked at junction approach,Front,Other/Not known,1349,Petrol,Mazda,Car,Moving off,Slight,16.000000
20141313A1369,53.801687,-1.489392,Yorkshire and the Humber,Urban,A,7,40,Dual carriageway,Dry,Fine,No,Daylight,2014-03-10 17:23:00,2014,4,3,10,1,0.724000,3,6,4,Not at junction or within 20 metres,Not at or within 20 metres of junction,Back,Other/Not known,1560,Heavy oil,Citroen,Car,Waiting to go,Slight,17.000000
201231D095712,52.964709,-1.009954,East Midlands,Rural,Unclassified,10,60,Single carriageway,Dry,Fine,No,Daylight,2012-05-19 08:35:00,2012,1,5,19,6,0.358000,2,4,4,Crossroads,Entering main road,Offside,Other/Not known,2231,Heavy oil,Toyota,Car,Turning right,Slight,9.000000
201350GA2B008,50.382527,-4.879398,South West England,Rural,C,2,30,Single carriageway,Wet or damp,Raining,No,Daylight,2013-08-10 15:55:00,2013,2,8,10,6,0.663000,2,2,4,Private drive or entrance,Not at or within 20 metres of junction,Nearside,Other/Not known,599,Petrol,Yamaha,Motorcycle,Going ahead,Slight,16.000000
2012100044112,55.041108,-1.463718,North East England,Urban,Unclassified,4,30,Single carriageway,Wet or damp,Fine,No,Daylight,2012-01-24 11:20:00,2012,4,1,24,2,0.472000,2,3,7,T or staggered junction,Entering main road,Front,Other/Not known,1798,Petrol,Mazda,Car,Turning right,Fatal_Serious,11.000000
201331A154113,53.060807,-1.340157,East Midlands,Rural,B,4,30,Single carriageway,Dry,Fine,No,Daylight,2013-08-13 11:27:00,2013,2,8,13,2,0.477000,2,2,15,Not at junction or within 20 metres,Not at or within 20 metres of junction,Nearside,Other/Not known,1149,Petrol,Renault,Car,Overtaking,Slight,11.000000
2010100467910,54.965327,-1.370356,North East England,Rural,Unclassified,6,40,Dual carriageway,Dry,Fine,No,Darkness - no lights,2010-08-05 01:35:00,2010,2,8,5,4,0.066000,2,2,7,T or staggered junction,Approaching junction or waiting/parked at junction approach,Front,Other/Not known,3200,Petrol,Other,Car,Going ahead,Slight,2.000000
2010471000971,50.854256,-0.207604,South East England,Rural,A,3,70,Slip road,Dry,Fine,No,Daylight,2010-02-11 16:12:00,2010,4,2,11,4,0.675000,2,3,3,Not at junction or within 20 metres,Not at or within 20 metres of junction,Back,Journey as part of work,2198,Heavy oil,Ford,Van,Parked,Slight,16.000000
201201TA00264,51.522851,-0.047408,London,Urban,B,2,30,Single carriageway,Dry,Fine,No,Darkness - lights,2012-03-01 21:17:00,2012,4,3,1,4,0.887000,1,3,10,Not at junction or within 20 metres,Not at or within 20 metres of junction,Nearside,Other/Not known,1783,Petrol,Renault,Car,Going ahead,Fatal_Serious,21.000000
201050GT3D005,50.256263,-5.175501,South West England,Rural,C,6,30,Single carriageway,Dry,Fine,No,Darkness - no lights,2010-04-20 20:05:00,2010,1,4,20,2,0.837000,2,8,19,T or staggered junction,Mid Junction - on roundabout or on main road,Did not impact,Other/Not known,2496,Heavy oil,Ford,Other,Going ahead,Fatal_Serious,20.000000
2010360057768,52.576502,1.127532,East England,Rural,C,10,30,Single carriageway,Dry,Fine,No,Daylight,2010-07-16 22:06:00,2010,2,7,16,5,0.921000,2,4,8,T or staggered junction,Mid Junction - on roundabout or on main road,Front,Other/Not known,2597,Petrol,Mercedes,Car,Going ahead,Slight,22.000000
2014331401193,52.661848,-1.024264,East Midlands,Rural,C,7,60,Single carriageway,Dry,Fine,No,Daylight,2014-07-03 19:20:00,2014,2,7,3,4,0.806000,2,1,10,T or staggered junction,Entering main road,Offside,Other/Not known,1149,Petrol,Renault,Car,Moving off,Slight,19.000000
201204EL12099,53.748540,-2.371082,North West England,Urban,Unclassified,2,30,Single carriageway,Wet or damp,Raining,No,Daylight,2012-07-02 13:45:00,2012,2,7,2,1,0.573000,2,5,9,Crossroads,Entering main road,Offside,Other/Not known,1769,Petrol,Nissan,Taxi,Going ahead,Slight,14.000000
201001MM70800,51.449284,-0.085234,London,Urban,C,5,30,Single carriageway,Dry,Fine,No,Daylight,2010-09-11 14:00:00,2010,2,9,11,6,0.583000,1,6,2,Not at junction or within 20 metres,Not at or within 20 metres of junction,Front,Other/Not known,1490,Petrol,Suzuki,Car,Going ahead,Slight,14.000000
2014521405276,51.319685,-2.511042,South West England,Rural,A,8,30,Single carriageway,Dry,Fine,No,Daylight,2014-05-17 13:05:00,2014,1,5,17,6,0.545000,4,1,5,Not at junction or within 20 metres,Not at or within 20 metres of junction,Front,Other/Not known,1798,Petrol,Ford,Car,Overtaking,Slight,13.000000
2014471402630,50.737648,-0.784380,South East England,Urban,Unclassified,6,30,Single carriageway,Dry,Fine,No,Daylight,2014-05-14 13:45:00,2014,1,5,14,3,0.573000,1,2,9,Not at junction or within 20 metres,Not at or within 20 metres of junction,Back,Other/Not known,1586,Petrol,Suzuki,Car,Reversing,Slight,14.000000
201401KG70559,51.580890,0.141278,London,Urban,A,6,50,Dual carriageway,Wet or damp,Fine,No,Daylight,2014-11-14 14:00:00,2014,3,11,14,5,0.583000,2,6,14,Crossroads,Mid Junction - on roundabout or on main road,Nearside,Other/Not known,1396,Petrol,Rover,Car,Turning right,Slight,14.000000
201006J040644,53.412067,-2.101064,North West England,Urban,A,7,30,Single carriageway,Wet or damp,Fine,No,Darkness - lights,2010-12-25 18:24:00,2010,4,12,25,6,0.767000,1,8,3,Crossroads,Approaching junction or waiting/parked at junction approach,Nearside,Other/Not known,2148,Heavy oil,Mercedes,Car,Going ahead,Slight,18.000000
201401CW10400,51.530816,-0.167602,London,Urban,Unclassified,10,30,Single carriageway,Dry,Fine,No,Darkness - lights,2014-03-31 21:30:00,2014,1,3,31,1,0.896000,2,4,6,T or staggered junction,Approaching junction or waiting/parked at junction approach,Back,Journey as part of work,1968,Heavy oil,Audi,Taxi,Waiting to go,Slight,22.000000
2014320061718,52.675968,-0.168503,East Midlands,Rural,Unclassified,6,30,Single carriageway,Dry,Fine,No,Daylight,2014-12-10 12:38:00,2014,3,12,10,3,0.526000,2,4,4,Not at junction or within 20 metres,Not at or within 20 metres of junction,Front,Other/Not known,1997,Heavy oil,Ford,Car,Going ahead,Slight,13.000000
201101VK30335,51.394364,-0.253846,London,Urban,A,8,30,Dual carriageway,Dry,Fine,No,Daylight,2011-11-08 15:18:00,2011,3,11,8,2,0.637000,2,5,6,Not at junction or within 20 metres,Not at or within 20 metres of junction,Back,Other/Not known,1995,Heavy oil,Vauxhall,Car,Slowing or stopping,Slight,15.000000
2012070048995,53.081868,-2.503522,North West England,Rural,A,1,60,Single carriageway,Dry,Fine,No,Darkness - lights,2012-02-21 17:00:00,2012,4,2,21,2,0.708000,2,6,6,T or staggered junction,Mid Junction - on roundabout or on main road,Front,Other/Not known,1364,Heavy oil,Toyota,Car,Going ahead,Fatal_Serious,17.000000
2011160D00591,53.769517,-0.354059,Yorkshire and the Humber,Urban,A,6,30,Single carriageway,Dry,Fine,No,Darkness - lights,2011-02-07 00:02:00,2011,4,2,7,1,0.001000,1,2,3,T or staggered junction,Approaching junction or waiting/parked at junction approach,Front,Commuting to/from work,998,Petrol,Vauxhall,Car,Going ahead,Fatal_Serious,0.000000
2013460226456,51.279842,0.518586,South East England,Rural,A,7,30,Roundabout,Dry,Fine,No,Daylight,2013-04-21 13:08:00,2013,1,4,21,7,0.547000,2,7,1,Roundabout,Entering roundabout,Offside,Other/Not known,1598,Heavy oil,Skoda,Car,Moving off,Slight,13.000000