Accident_Index,Latitude,Longitude,Region,Urban_or_Rural_Area,X1st_Road_Class,Driver_IMD_Decile,Speed_limit,Road_Type,Road_Surface_Conditions,Weather,High_Wind,Lights,Datetime,Year,Season,Month_of_Year,Day_of_Month,Day_of_Week,Hour_of_Day,Number_of_Vehicles,Age_of_Driver,Age_of_Vehicle,Junction_Detail,Junction_Location,X1st_Point_of_Impact,Driver_Journey_Purpose,Engine_CC,Propulsion_Code,Vehicle_Make,Vehicle_Category,Vehicle_Manoeuvre,Accident_Severity,Hour_of_Day_dn
201150DE2I029,50.719015,-3.537632,South West England,Rural,A,5,30,Roundabout,Dry,Fine,No,Darkness - lights,2011-03-19 21:05:00,2011,4,3,19,6,0.878000,2,4,9,Roundabout,Mid Junction - on roundabout or on main road,Offside,Other/Not known,1984,Petrol,Volvo,Car,Going ahead,Slight,21.000000
2012471205008,51.159821,-0.142440,South East England,Rural,Motorway,5,70,Dual carriageway,Dry,Unknown,No,Darkness - lighting unknown,2012-09-20 05:55:00,2012,2,9,20,4,0.247000,5,6,1,Not at junction or within 20 metres,Not at or within 20 metres of junction,Front,Journey as part of work,1199,Heavy oil,Volkswagen,Car,Going ahead,Slight,6.000000
2012072230077,53.399853,-2.594336,North West England,Urban,A,3,40,Dual carriageway,Dry,Fine,No,Daylight,2012-08-14 05:54:00,2012,2,8,14,2,0.246000,2,3,4,Crossroads,Mid Junction - on roundabout or on main road,Front,Other/Not known,1560,Heavy oil,Citroen,Car,Turning right,Slight,6.000000
2012170S13422,54.574261,-1.336240,North East England,Urban,A,6,30,Single carriageway,Dry,Fine,No,Daylight,2012-12-02 14:30:00,2012,3,12,2,7,0.604000,2,4,2,T or staggered junction,Cleared junction or waiting/parked at junction exit,Front,Other/Not known,1956,Heavy oil,Vauxhall,Car,Going ahead,Slight,14.000000
2010030002282,54.666825,-3.350590,North West England,Rural,Unclassified,5,30,Single carriageway,Dry,Fine,No,Daylight,2010-10-02 12:40:00,2010,3,10,2,6,0.528000,2,3,3,Other junction,Mid Junction - on roundabout or on main road,Front,Commuting to/from work,1328,Petrol,Suzuki,Car,Going ahead,Slight,13.000000
201450BW3K003,50.525507,-4.992140,South West England,Rural,B,9,30,Single carriageway,Dry,Fine,No,Daylight,2014-03-09 16:40:00,2014,4,3,9,7,0.694000,2,7,10,T or staggered junction,Approaching junction or waiting/parked at junction approach,Offside,Other/Not known,1798,Petrol,Ford,Car,Parked,Slight,17.000000
201245GU74699,51.232879,-0.730509,South East England,Urban,C,5,30,Single carriageway,Dry,Fine,No,Darkness - no lights,2012-09-23 22:40:00,2012,3,9,23,7,0.944000,1,3,16,Not at junction or within 20 metres,Not at or within 20 metres of junction,Front,Other/Not known,2496,Heavy oil,Ford,Van,Going ahead,Fatal_Serious,23.000000
2013350325413,52.576401,-0.220976,East England,Urban,Unclassified,8,30,Single carriageway,Dry,Fine,No,Daylight,2013-06-19 17:20:00,2013,1,6,19,3,0.722000,2,1,7,Private drive or entrance,Leaving main road,Offside,Commuting to/from work,1596,Petrol,BMW,Car,Turning right,Slight,17.000000
201201EO40071,51.560375,-0.137415,London,Urban,A,4,30,Single carriageway,Dry,Fine,No,Daylight,2012-02-04 12:58:00,2012,4,2,4,6,0.540000,2,4,1,T or staggered junction,Mid Junction - on roundabout or on main road,Front,Other/Not known,599,Petrol,Yamaha,Motorcycle,Going ahead,Slight,13.000000
20124100J0462,51.661974,-0.289990,East England,Rural,Unclassified,7,30,Single carriageway,Dry,Fine,No,Daylight,2012-08-11 16:03:00,2012,2,8,11,6,0.669000,2,2,2,Private drive or entrance,Entering main road,Nearside,Other/Not known,1242,Petrol,Fiat,Car,Moving off,Slight,16.000000
201404CA14128,53.676091,-2.635140,North West England,Urban,A,2,40,Single carriageway,Dry,Fine,No,Daylight,2014-06-30 16:04:00,2014,2,6,30,1,0.669000,2,3,8,Other junction,Entering main road,Front,Other/Not known,1587,Petrol,Citroen,Car,Turning left,Slight,16.000000
2011610056611,51.642933,-2.669519,Wales,Urban,A,5,50,Single carriageway,Dry,Fine,No,Daylight,2011-11-02 15:44:00,2011,3,11,2,3,0.656000,1,7,9,Not at junction or within 20 metres,Not at or within 20 metres of junction,Nearside,Other/Not known,1397,Petrol,Skoda,Car,Going ahead,Fatal_Serious,16.000000
201331D152113,53.002415,-1.278847,East Midlands,Rural,B,2,30,Roundabout,Dry,Fine,No,Daylight,2013-08-21 16:57:00,2013,2,8,21,3,0.706000,2,2,11,Roundabout,Mid Junction - on roundabout or on main road,Back,Other/Not known,2171,Heavy oil,Other,Car,Going ahead,Slight,17.000000
2010530201018,51.991883,-2.158567,South West England,Urban,C,2,30,Single carriageway,Wet or damp,Fine,No,Darkness - lights,2010-02-20 18:22:00,2010,4,2,20,6,0.765000,2,5,10,Not at junction or within 20 metres,Not at or within 20 metres of junction,Offside,Other/Not known,847,Petrol,Other,Car,U-turn,Slight,18.000000
201101HT20848,51.533181,-0.041343,London,Urban,B,4,30,Roundabout,Dry,Fine,No,Daylight,2011-11-28 11:15:00,2011,3,11,28,1,0.469000,2,4,3,Roundabout,Mid Junction - on roundabout or on main road,Back,Journey as part of work,2198,Heavy oil,Ford,Van,Moving off,Slight,11.000000
2014350196414,52.457328,0.047551,East England,Urban,C,5,30,Roundabout,Dry,Fine,No,Daylight,2014-11-02 11:45:00,2014,3,11,2,7,0.490000,2,2,10,Roundabout,Approaching junction or waiting/parked at junction approach,Back,Other/Not known,1398,Heavy oil,Peugeot,Car,Waiting to go,Slight,12.000000
201443N181044,51.606796,-0.639829,South East England,Urban,Unclassified,10,30,Single carriageway,Dry,Fine,Yes,Daylight,2014-04-21 13:39:00,2014,1,4,21,1,0.569000,2,4,10,Not at junction or within 20 metres,Not at or within 20 metres of junction,Offside,Other/Not known,1390,Petrol,Volkswagen,Car,Parked,Fatal_Serious,14.000000
2014440019852,50.851093,-1.743315,South East England,Rural,A,10,70,Dual carriageway,Wet or damp,Fine,No,Darkness - no lights,2014-01-17 20:59:00,2014,4,1,17,5,0.874000,1,3,13,Not at junction or within 20 metres,Not at or within 20 metres of junction,Front,Other/Not known,1900,Heavy oil,Peugeot,Car,Overtaking,Fatal_Serious,21.000000
2012212003470,52.700876,-2.025569,Wast Midlands,Urban,Unclassified,9,30,Single carriageway,Wet or damp,Raining,No,Daylight,2012-07-06 14:07:00,2012,2,7,6,5,0.588000,2,6,3,T or staggered junction,Mid Junction - on roundabout or on main road,Front,Other/Not known,124,Petrol,Yamaha,Motorcycle,Overtaking,Fatal_Serious,14.000000
201242I232207,51.743303,0.065801,East England,Rural,B,2,40,Single carriageway,Dry,Fine,No,Daylight,2012-07-26 12:25:00,2012,2,7,26,4,0.517000,2,1,10,Not at junction or within 20 metres,Not at or within 20 metres of junction,Did not impact,Other/Not known,1299,Petrol,Ford,Car,Going ahead,Slight,12.000000
201320M007913,52.407277,-1.497808,Wast Midlands,Urban,Unclassified,1,30,Single carriageway,Wet or damp,Unknown,No,Darkness - lights,2013-05-04 04:17:00,2013,1,5,4,6,0.178000,1,5,10,Crossroads,Cleared junction or waiting/parked at junction exit,Did not impact,Journey as part of work,2402,Heavy oil,Other,Taxi,U-turn,Fatal_Serious,4.000000
201337EA69723,52.066018,1.234669,East England,Urban,A,5,30,Single carriageway,Wet or damp,Fine,No,Daylight,2013-02-12 17:00:00,2013,4,2,12,2,0.708000,3,6,11,Not at junction or within 20 metres,Not at or within 20 metres of junction,Back,Journey as part of work,1348,Petrol,Nissan,Car,Waiting to go,Slight,17.000000
2010070081793,53.361894,-2.741838,North West England,Urban,C,3,30,Roundabout,Wet or damp,Raining,No,Darkness - lights,2010-03-23 22:00:00,2010,1,3,23,2,0.917000,2,5,10,Roundabout,Entering roundabout,Front,Other/Not known,1997,Heavy oil,Citroen,Car,Going ahead,Slight,22.000000
2010460195322,51.418341,0.349994,South East England,Rural,A,2,70,Dual carriageway,Dry,Fine,No,Daylight,2010-12-25 10:49:00,2010,4,12,25,6,0.451000,3,3,3,Not at junction or within 20 metres,Not at or within 20 metres of junction,Nearside,Other/Not known,1246,Petrol,Honda,Car,Going ahead,Slight,11.000000
2010471006420,50.909138,-0.407628,South East England,Rural,A,8,50,Roundabout,Dry,Fine,No,Daylight,2010-09-18 11:20:00,2010,2,9,18,6,0.472000,2,1,14,Roundabout,Entering roundabout,Front,Journey as part of work,998,Petrol,Nissan,Car,Moving off,Slight,11.000000
2011130098914,53.809106,-1.553341,Yorkshire and the Humber,Urban,A,3,30,Single carriageway,Dry,Fine,No,Daylight,2011-03-01 12:35:00,2011,4,3,1,2,0.524000,2,4,11,T or staggered junction,Leaving main road,Nearside,Other/Not known,1598,Petrol,Vauxhall,Car,Turning left,Slight,13.000000
2010100550910,54.909257,-1.530795,North East England,Urban,Unclassified,2,30,Single carriageway,Dry,Fine,No,Daylight,2010-09-09 12:54:00,2010,2,9,9,4,0.537000,2,1,6,T or staggered junction,Mid Junction - on roundabout or on main road,Front,Other/Not known,49,Petrol,Other,Motorcycle,Overtaking,Slight,13.000000
2010331000208,52.641476,-1.151669,East Midlands,Urban,Unclassified,1,30,Single carriageway,Frost or ice,Other,No,Daylight,2010-01-11 09:53:00,2010,4,1,11,1,0.412000,2,1,5,Roundabout,Approaching junction or waiting/parked at junction approach,Back,Commuting to/from work,1600,Petrol,Volkswagen,Car,Waiting to go,Slight,10.000000
201401WW50227,51.458660,-0.182730,London,Urban,A,3,30,Single carriageway,Dry,Fine,No,Daylight,2014-03-06 13:30:00,2014,4,3,6,4,0.562000,1,5,7,Crossroads,Mid Junction - on roundabout or on main road,Offside,Other/Not known,399,Petrol,Other,Motorcycle,Going ahead,Fatal_Serious,13.000000
2012212004396,52.694997,-1.825515,Wast Midlands,Urban,Unclassified,2,30,Single carriageway,Wet or damp,Fine,No,Daylight,2012-08-24 18:30:00,2012,2,8,24,5,0.771000,3,3,8,Not at junction or within 20 metres,Not at or within 20 metres of junction,Back,Other/Not known,1951,Heavy oil,Land Rover,Car,Reversing,Slight,19.000000
2012460215623,51.377378,0.607002,South East England,Rural,B,9,40,Single carriageway,Dry,Fine,No,Daylight,2012-06-26 12:20:00,2012,2,6,26,2,0.514000,1,8,3,Private drive or entrance,Approaching junction or waiting/parked at junction approach,Nearside,Other/Not known,1399,Petrol,Other,Car,Going ahead,Fatal_Serious,12.000000
2014331400890,52.659092,-1.144749,East Midlands,Urban,Unclassified,1,30,Single carriageway,Wet or damp,Fine,No,Darkness - lights,2014-05-26 22:00:00,2014,1,5,26,1,0.917000,2,4,6,T or staggered junction,Entering main road,Offside,Other/Not known,1910,Heavy oil,Vauxhall,Car,Turning right,Slight,22.000000
20104100K0471,51.686046,-0.029977,East England,Urban,A,4,40,Dual carriageway,Wet or damp,Raining,No,Darkness - lights,2010-09-26 23:50:00,2010,3,9,26,7,0.993000,1,4,16,Not at junction or within 20 metres,Not at or within 20 metres of junction,Front,Other/Not known,2990,Petrol,BMW,Car,Going ahead,Slight,24.000000
2013130492802,53.803121,-1.752559,Yorkshire and the Humber,Urban,A,1,40,Single carriageway,Dry,Fine,No,Daylight,2013-11-29 18:20:00,2013,3,11,29,5,0.764000,2,2,3,More than 4 arms (not roundabout),Mid Junction - on roundabout or on main road,Front,Other/Not known,1242,Petrol,Ford,Car,Turning right,Slight,18.000000
201120M007561,52.449551,-1.502477,Wast Midlands,Rural,Unclassified,6,40,Single carriageway,Dry,Fine,No,Daylight,2011-05-27 14:25:00,2011,1,5,27,5,0.601000,2,4,3,Not at junction or within 20 metres,Not at or within 20 metres of junction,Front,Other/Not known,1995,Petrol,BMW,Car,Going ahead,Fatal_Serious,14.000000
201101YR90245,51.581605,-0.126587,London,Urban,A,6,30,Single carriageway,Dry,Fine,No,Daylight,2011-05-16 17:56:00,2011,1,5,16,1,0.747000,2,2,4,Crossroads,Mid Junction - on roundabout or on main road,Nearside,Other/Not known,1339,Petrol,Honda,Car,Turning right,Slight,18.000000
20104100D0250,51.766793,-0.555737,East England,Rural,C,6,60,Single carriageway,Dry,Fine,No,Daylight,2010-04-13 16:20:00,2010,1,4,13,2,0.681000,1,6,5,Not at junction or within 20 metres,Not at or within 20 metres of junction,Front,Other/Not known,2401,Heavy oil,Volvo,Car,Going ahead,Fatal_Serious,16.000000
2011351005411,52.276647,-0.258365,East England,Rural,A,3,70,Dual carriageway,Dry,Fine,No,Daylight,2011-12-16 15:20:00,2011,3,12,16,5,0.639000,2,4,9,Other junction,Approaching junction or waiting/parked at junction approach,Front,Journey as part of work,1868,Heavy oil,Citroen,Van,Going ahead,Slight,15.000000
201304AN13016,53.836939,-3.054903,North West England,Rural,A,1,30,Single carriageway,Dry,Fine,No,Daylight,2013-02-12 12:45:00,2013,4,2,12,2,0.531000,2,3,12,Other junction,Approaching junction or waiting/parked at junction approach,Front,Other/Not known,1598,Petrol,Renault,Car,Moving off,Slight,13.000000
201204CL12007,53.701177,-2.717920,North West England,Urban,B,7,30,Roundabout,Dry,Fine,No,Daylight,2012-01-09 15:45:00,2012,4,1,9,1,0.656000,2,6,4,Roundabout,Approaching junction or waiting/parked at junction approach,Offside,Taking pupil to/from school,1753,Heavy oil,Ford,Taxi,Slowing or stopping,Slight,16.000000
2011360062677,52.844000,1.064153,East England,Rural,C,6,30,Single carriageway,Dry,Fine,No,Daylight,2011-09-16 11:20:00,2011,2,9,16,5,0.472000,2,6,11,T or staggered junction,Mid Junction - on roundabout or on main road,Front,Other/Not known,796,Petrol,Other,Car,Going ahead,Fatal_Serious,11.000000
2014471407556,50.867388,-0.159192,South East England,Rural,A,6,70,Dual carriageway,Dry,Fine,No,Daylight,2014-12-23 08:06:00,2014,4,12,23,2,0.338000,3,5,10,Not at junction or within 20 metres,Not at or within 20 metres of junction,Front,Other/Not known,1995,Heavy oil,Toyota,Car,Going ahead,Slight,8.000000
2014051400621,53.471203,-2.633554,North West England,Rural,Motorway,3,70,Dual carriageway,Frost or ice,Raining,Yes,Darkness - no lights,2014-12-08 02:48:00,2014,3,12,8,1,0.117000,3,5,8,Not at junction or within 20 metres,Not at or within 20 metres of junction,Front,Commuting to/from work,1910,Heavy oil,Other,Car,Going ahead,Fatal_Serious,3.000000
2010100251110,54.983934,-1.486170,North East England,Urban,B,9,30,Single carriageway,Dry,Fine,No,Daylight,2010-04-29 15:33:00,2010,1,4,29,4,0.648000,3,4,12,T or staggered junction,Approaching junction or waiting/parked at junction approach,Back,Other/Not known,998,Petrol,Nissan,Car,Going ahead,Slight,16.000000
201343S034113,52.024375,-0.763154,South East England,Rural,A,9,70,Dual carriageway,Wet or damp,Fine,No,Darkness - no lights,2013-11-08 22:28:00,2013,3,11,8,5,0.936000,1,6,2,Not at junction or within 20 metres,Not at or within 20 metres of junction,Front,Other/Not known,1995,Heavy oil,BMW,Car,Going ahead,Slight,22.000000
201401JI40046,51.563031,0.114468,London,Urban,A,2,30,Single carriageway,Wet or damp,Raining,No,Daylight,2014-01-31 15:21:00,2014,4,1,31,5,0.640000,2,4,11,Crossroads,Mid Junction - on roundabout or on main road,Offside,Other/Not known,1997,Heavy oil,Citroen,Car,Going ahead,Slight,15.000000
201120L500251,52.381657,-1.714214,Wast Midlands,Rural,B,10,30,Single carriageway,Dry,Fine,No,Darkness - lighting unknown,2011-12-02 19:23:00,2011,3,12,2,5,0.808000,2,5,13,T or staggered junction,Mid Junction - on roundabout or on main road,Front,Journey as part of work,1997,Petrol,Other,Car,Going ahead,Fatal_Serious,19.000000
20104100A0572,51.795825,-0.018089,East England,Rural,A,7,40,Single carriageway,Dry,Fine,No,Daylight,2010-09-18 13:55:00,2010,2,9,18,6,0.580000,2,5,5,T or staggered junction,Mid Junction - on roundabout or on main road,Front,Other/Not known,1137,Petrol,Honda,Motorcycle,Overtaking,Fatal_Serious,14.000000
201101VK30038,51.407911,-0.294454,London,Urban,C,10,30,Single carriageway,Wet or damp,Raining,No,Darkness - lights,2011-02-16 17:45:00,2011,4,2,16,3,0.740000,2,3,3,T or staggered junction,Mid Junction - on roundabout or on main road,Back,Other/Not known,1753,Heavy oil,Ford,Car,Turning right,Slight,18.000000
201132B374611,52.794888,0.128044,East Midlands,Rural,C,4,60,Single carriageway,Wet or damp,Unknown,No,Daylight,2011-12-11 11:25:00,2011,3,12,11,7,0.476000,2,4,13,T or staggered junction,Cleared junction or waiting/parked at junction exit,Front,Other/Not known,1796,Petrol,Ford,Car,Parked,Slight,11.000000
2013549230913,51.128218,-1.856378,South West England,Rural,A,2,60,Single carriageway,Dry,Fine,No,Daylight,2013-09-27 14:00:00,2013,3,9,27,5,0.583000,3,2,6,Crossroads,Entering main road,Front,Other/Not known,1149,Petrol,Renault,Car,Turning right,Slight,14.000000
2011350816411,52.222329,0.002899,East England,Rural,C,7,60,Single carriageway,Dry,Fine,No,Daylight,2011-08-26 16:40:00,2011,2,8,26,5,0.694000,2,5,9,Not at junction or within 20 metres,Not at or within 20 metres of junction,Back,Other/Not known,1689,Heavy oil,Mercedes,Car,Going ahead,Slight,17.000000
201201GD10468,51.535065,-0.057268,London,Urban,A,1,20,Single carriageway,Dry,Fine,No,Daylight,2012-07-24 17:14:00,2012,2,7,24,2,0.718000,2,4,4,Not at junction or within 20 metres,Not at or within 20 metres of junction,Front,Other/Not known,1560,Heavy oil,Citroen,Car,U-turn,Slight,17.000000
2013213003447,52.688870,-2.102035,Wast Midlands,Rural,A,2,50,Roundabout,Dry,Fine,No,Daylight,2013-07-03 07:22:00,2013,2,7,3,3,0.307000,2,3,8,Roundabout,Approaching junction or waiting/parked at junction approach,Back,Journey as part of work,1388,Petrol,Ford,Car,Waiting to go,Slight,7.000000
201001TW60317,51.469239,-0.275898,London,Urban,A,9,30,Dual carriageway,Dry,Fine,No,Daylight,2010-10-06 10:14:00,2010,3,10,6,3,0.426000,2,3,6,T or staggered junction,Approaching junction or waiting/parked at junction approach,Nearside,Other/Not known,1299,Petrol,Ford,Car,Waiting to go,Slight,10.000000
2014120106518,53.956295,-1.150093,Yorkshire and the Humber,Rural,A,10,60,Roundabout,Dry,Fine,No,Daylight,2014-06-29 20:25:00,2014,2,6,29,7,0.851000,2,4,5,Roundabout,Leaving roundabout,Nearside,Other/Not known,1968,Heavy oil,Seat,Car,Going ahead,Slight,20.000000
201201TX20670,51.438017,-0.421388,London,Urban,A,9,30,Single carriageway,Wet or damp,Raining,No,Daylight,2012-11-01 08:22:00,2012,3,11,1,4,0.349000,2,5,1,Crossroads,Mid Junction - on roundabout or on main road,Front,Other/Not known,1149,Petrol,Renault,Car,Going ahead,Slight,8.000000
201001RG40113,51.431696,0.071134,London,Urban,Unclassified,6,30,Single carriageway,Dry,Fine,No,Daylight,2010-03-02 17:30:00,2010,4,3,2,2,0.729000,2,3,3,T or staggered junction,Approaching junction or waiting/parked at junction approach,Did not impact,Other/Not known,599,Petrol,Other,Motorcycle,Going ahead,Fatal_Serious,17.000000
2012440135398,50.744715,-1.677097,South East England,Urban,A,9,30,Single carriageway,Dry,Fine,No,Daylight,2012-04-06 09:20:00,2012,1,4,6,5,0.389000,2,8,1,T or staggered junction,Mid Junction - on roundabout or on main road,Front,Other/Not known,1339,Petrol,Honda,Car,Turning right,Fatal_Serious,9.000000
201401HT20454,51.513142,0.000458,London,Urban,A,3,30,Single carriageway,Dry,Fine,No,Daylight,2014-05-25 13:36:00,2014,1,5,25,7,0.567000,5,4,12,T or staggered junction,Approaching junction or waiting/parked at junction approach,Front,Other/Not known,1397,Petrol,Mercedes,Car,Slowing or stopping,Slight,14.000000
2013530207604,51.636947,-2.159581,South West England,Rural,A,10,30,Roundabout,Dry,Fine,No,Daylight,2013-02-15 12:30:00,2013,4,2,15,5,0.521000,1,8,7,Roundabout,Entering roundabout,Did not impact,Other/Not known,1400,Petrol,Volkswagen,Car,Overtaking,Fatal_Serious,13.000000
201020J016112,52.470819,-2.037801,Wast Midlands,Urban,Unclassified,9,30,Single carriageway,Dry,Fine,No,Daylight,2010-03-09 08:14:00,2010,4,3,9,2,0.343000,2,2,3,Not at junction or within 20 metres,Not at or within 20 metres of junction,Offside,Journey as part of work,2287,Heavy oil,Other,Van,Parked,Slight,8.000000
201401XD80509,51.499027,-0.391331,London,Urban,C,2,30,Single carriageway,Dry,Fine,No,Darkness - lights,2014-06-03 21:00:00,2014,1,6,3,2,0.875000,1,5,11,Not at junction or within 20 metres,Not at or within 20 metres of junction,Front,Other/Not known,1796,Petrol,Vauxhall,Car,Going ahead,Slight,21.000000
2011460203473,51.091515,0.872968,South East England,Rural,A,2,60,Single carriageway,Dry,Fine,No,Daylight,2011-08-14 16:00:00,2011,2,8,14,7,0.667000,1,3,14,Not at junction or within 20 metres,Not at or within 20 metres of junction,Offside,Other/Not known,2200,Heavy oil,Toyota,Car,Going ahead,Slight,16.000000
201301KD50098,51.569271,0.219668,London,Urban,C,8,30,Single carriageway,Dry,Fine,No,Darkness - lights,2013-02-28 18:45:00,2013,4,2,28,4,0.781000,1,8,4,Not at junction or within 20 metres,Not at or within 20 metres of junction,Front,Other/Not known,1388,Petrol,Ford,Car,Going ahead,Slight,19.000000
20134100G0298,52.023735,0.032057,East England,Rural,B,8,30,Single carriageway,Dry,Fine,No,Daylight,2013-06-11 17:00:00,2013,1,6,11,2,0.708000,3,2,3,T or staggered junction,Approaching junction or waiting/parked at junction approach,Front,Other/Not known,998,Petrol,Toyota,Car,Going ahead,Fatal_Serious,17.000000
201405AA04458,53.349504,-3.000916,North West England,Urban,Unclassified,1,30,Single carriageway,Dry,Fine,No,Daylight,2014-09-07 17:52:00,2014,2,9,7,7,0.744000,2,3,4,Crossroads,Mid Junction - on roundabout or on main road,Offside,Other/Not known,1956,Heavy oil,Vauxhall,Car,Going ahead,Slight,18.000000
201045WA47877,51.200300,-0.831599,South East England,Rural,A,10,70,Dual carriageway,Frost or ice,Fine,No,Darkness - no lights,2010-01-08 23:40:00,2010,4,1,8,5,0.986000,1,4,9,Not at junction or within 20 metres,Not at or within 20 metres of junction,Nearside,Other/Not known,2495,Heavy oil,Land Rover,Car,Going ahead,Slight,24.000000
201201TB00518,51.511122,-0.368567,London,Urban,A,5,30,Single carriageway,Dry,Fine,No,Darkness - lights,2012-05-18 02:49:00,2012,1,5,18,5,0.117000,2,2,3,T or staggered junction,Approaching junction or waiting/parked at junction approach,Front,Pupil riding to/from school,599,Petrol,Yamaha,Motorcycle,Going ahead,Slight,3.000000
2012212004913,53.067107,-2.256060,Wast Midlands,Rural,C,7,30,Single carriageway,Wet or damp,Raining,No,Daylight,2012-09-18 15:45:00,2012,2,9,18,2,0.656000,1,7,6,Not at junction or within 20 metres,Not at or within 20 metres of junction,Front,Other/Not known,1229,Petrol,Vauxhall,Car,Going ahead,Slight,16.000000
2014450020817,51.264983,-0.138819,South East England,Rural,Motorway,8,70,Dual carriageway,Dry,Fine,No,Daylight,2014-12-29 09:32:00,2014,4,12,29,1,0.397000,3,5,9,Slip road,Approaching junction or waiting/parked at junction approach,Front,Other/Not known,1596,Petrol,Ford,Car,Changing lane,Slight,10.000000
2013030002163,54.446317,-3.014680,North West England,Rural,A,5,60,Single carriageway,Dry,Fine,No,Daylight,2013-09-28 12:46:00,2013,3,9,28,6,0.532000,2,6,15,Not at junction or within 20 metres,Not at or within 20 metres of junction,Front,Other/Not known,1896,Heavy oil,Volkswagen,Car,Going ahead,Fatal_Serious,13.000000
201406G082662,53.468679,-2.120150,North West England,Urban,C,1,30,Roundabout,Wet or damp,Raining,No,Darkness - lights,2014-01-08 18:33:00,2014,4,1,8,3,0.773000,2,5,14,Roundabout,Entering roundabout,Nearside,Commuting to/from work,1124,Petrol,Peugeot,Car,Turning right,Slight,19.000000
201130D000531,52.958851,-1.324709,East Midlands,Urban,A,5,30,Single carriageway,Dry,Fine,No,Daylight,2011-05-20 12:35:00,2011,1,5,20,5,0.524000,1,8,8,Not at junction or within 20 metres,Not at or within 20 metres of junction,Front,Other/Not known,1769,Petrol,Nissan,Car,Going ahead,Fatal_Serious,13.000000
2013530208291,51.778319,-1.957498,South West England,Rural,C,8,60,Single carriageway,Wet or damp,Raining,No,Darkness - no lights,2013-12-15 21:45:00,2013,3,12,15,7,0.906000,1,2,14,T or staggered junction,Approaching junction or waiting/parked at junction approach,Front,Other/Not known,1997,Heavy oil,Peugeot,Car,Going ahead,Fatal_Serious,22.000000
201401SX21076,51.558565,-0.217701,London,Urban,A,3,30,Single carriageway,Dry,Fine,No,Daylight,2014-11-21 08:50:00,2014,3,11,21,5,0.368000,2,3,10,T or staggered junction,Cleared junction or waiting/parked at junction exit,Back,Other/Not known,1896,Heavy oil,Audi,Car,Moving off,Slight,9.000000
2012450000060,51.320091,-0.737488,South East England,Urban,A,5,30,Single carriageway,Dry,Fine,Yes,Darkness - lights,2012-11-03 19:02:00,2012,3,11,3,6,0.793000,2,1,14,Not at junction or within 20 metres,Not at or within 20 metres of junction,Front,Other/Not known,1149,Petrol,Renault,Car,Going ahead,Slight,19.000000
2012232653112,52.495503,-1.477993,Wast Midlands,Urban,A,3,50,Dual carriageway,Dry,Fine,No,Daylight,2012-11-13 11:43:00,2012,3,11,13,2,0.488000,1,2,2,Not at junction or within 20 metres,Not at or within 20 metres of junction,Front,Journey as part of work,1968,Heavy oil,Volkswagen,Van,Going ahead,Slight,12.000000
201050CD2E006,51.011496,-4.191151,South West England,Urban,Unclassified,4,30,Single carriageway,Dry,Fine,No,Daylight,2010-08-16 09:52:00,2010,2,8,16,1,0.411000,2,5,7,T or staggered junction,Mid Junction - on roundabout or on main road,Front,Journey as part of work,2400,Heavy oil,Other,Bus/minibus,Turning right,Slight,10.000000
201404EA14050,53.755637,-2.443749,North West England,Rural,A,8,30,Roundabout,Wet or damp,Fine,No,Daylight,2014-02-04 10:15:00,2014,4,2,4,2,0.427000,2,4,15,Roundabout,Entering roundabout,Back,Other/Not known,1296,Petrol,Other,Car,Going ahead,Slight,10.000000
2011471104062,50.850207,-0.776725,South East England,Urban,C,10,30,Single carriageway,Dry,Fine,No,Daylight,2011-07-02 17:45:00,2011,2,7,2,6,0.740000,2,7,5,Not at junction or within 20 metres,Not at or within 20 metres of junction,Offside,Other/Not known,1796,Petrol,Mercedes,Car,Going ahead,Slight,18.000000
2010070301915,53.434638,-2.555549,North West England,Rural,C,3,30,Single carriageway,Dry,Fine,No,Darkness - lights,2010-10-15 06:30:00,2010,3,10,15,5,0.271000,2,4,8,T or staggered junction,Entering main road,Front,Commuting to/from work,1199,Petrol,Vauxhall,Car,Turning right,Slight,7.000000
2010210006252,52.800543,-1.631529,Wast Midlands,Urban,Unclassified,2,30,Single carriageway,Dry,Fine,No,Daylight,2010-09-15 14:30:00,2010,2,9,15,3,0.604000,2,4,5,Not at junction or within 20 metres,Not at or within 20 metres of junction,Offside,Journey as part of work,1997,Heavy oil,Peugeot,Taxi,Parked,Slight,14.000000
2010471001413,50.851585,-0.227028,South East England,Urban,Unclassified,7,20,Single carriageway,Wet or damp,Fine,No,Daylight,2010-02-25 09:10:00,2010,4,2,25,4,0.382000,2,1,2,T or staggered junction,Mid Junction - on roundabout or on main road,Front,Other/Not known,49,Petrol,Other,Motorcycle,Going ahead,Slight,9.000000
201404BB14059,54.078373,-2.838117,North West England,Urban,Unclassified,8,20,One way street,Dry,Fine,No,Daylight,2014-06-18 10:16:00,2014,1,6,18,3,0.428000,2,3,4,T or staggered junction,Cleared junction or waiting/parked at junction exit,Offside,Other/Not known,1968,Heavy oil,Volkswagen,Van,Parked,Fatal_Serious,10.000000